﻿{"ous":[{"Properties":{"highvalue":false,"name":"ALLCOMPUTERS@COMPANY.LOCAL","domain":"COMPANY.LOCAL","objectid":"24EFDCD8-8806-4F8D-BE0A-7214478CB3E5","distinguishedname":"OU=AllComputers,DC=company,DC=local","description":null,"blocksinheritance":false},"Links":[{"IsEnforced":false,"Guid":"DCDE7844-70FF-4095-9609-006E66E8F350"},{"IsEnforced":false,"Guid":"4CBA2B84-6ED0-45CD-B5E5-B5ACCA9E3AFD"}],"ACLProtected":false,"Users":[],"Computers":["S-1-5-21-2028861720-2957989011-300240830-1606","S-1-5-21-2028861720-2957989011-300240830-1605","S-1-5-21-2028861720-2957989011-300240830-1607","S-1-5-21-2028861720-2957989011-300240830-1118","S-1-5-21-2028861720-2957989011-300240830-1608","S-1-5-21-2028861720-2957989011-300240830-1609","S-1-5-21-2028861720-2957989011-300240830-1158"],"ChildOus":[],"RemoteDesktopUsers":[],"LocalAdmins":[],"DcomUsers":[],"PSRemoteUsers":[],"ObjectIdentifier":"24EFDCD8-8806-4F8D-BE0A-7214478CB3E5","Aces":[{"PrincipalSID":"S-1-5-21-2028861720-2957989011-300240830-1000","PrincipalType":"User","RightName":"Owner","AceType":"","IsInherited":false},{"PrincipalSID":"S-1-5-21-2028861720-2957989011-300240830-512","PrincipalType":"Group","RightName":"GenericAll","AceType":"","IsInherited":false},{"PrincipalSID":"S-1-5-21-2028861720-2957989011-300240830-519","PrincipalType":"Group","RightName":"GenericAll","AceType":"","IsInherited":true},{"PrincipalSID":"COMPANY.LOCAL-S-1-5-32-544","PrincipalType":"Group","RightName":"WriteDacl","AceType":"","IsInherited":true},{"PrincipalSID":"COMPANY.LOCAL-S-1-5-32-544","PrincipalType":"Group","RightName":"WriteOwner","AceType":"","IsInherited":true}]},{"Properties":{"highvalue":false,"name":"DOMAIN CONTROLLERS@COMPANY.LOCAL","domain":"COMPANY.LOCAL","objectid":"EC6D0283-DF31-4ADA-BCCE-90A39F66DFE2","distinguishedname":"OU=Domain Controllers,DC=company,DC=local","description":"Default container for domain controllers","blocksinheritance":false},"Links":[{"IsEnforced":false,"Guid":"0660511E-4828-4242-9264-0A5C355AFD3A"},{"IsEnforced":false,"Guid":"90E84A0F-EDD9-4173-8B39-261DF1CF013C"},{"IsEnforced":false,"Guid":"4EE72672-23D1-4DEE-8355-4FAE59B27A0D"}],"ACLProtected":false,"Users":[],"Computers":["S-1-5-21-2028861720-2957989011-300240830-1002","S-1-5-21-2028861720-2957989011-300240830-1117"],"ChildOus":[],"RemoteDesktopUsers":[],"LocalAdmins":[],"DcomUsers":[],"PSRemoteUsers":[],"ObjectIdentifier":"EC6D0283-DF31-4ADA-BCCE-90A39F66DFE2","Aces":[{"PrincipalSID":"S-1-5-21-2028861720-2957989011-300240830-512","PrincipalType":"Group","RightName":"Owner","AceType":"","IsInherited":false},{"PrincipalSID":"S-1-5-21-2028861720-2957989011-300240830-512","PrincipalType":"Group","RightName":"WriteDacl","AceType":"","IsInherited":false},{"PrincipalSID":"S-1-5-21-2028861720-2957989011-300240830-512","PrincipalType":"Group","RightName":"WriteOwner","AceType":"","IsInherited":false},{"PrincipalSID":"S-1-5-21-2028861720-2957989011-300240830-519","PrincipalType":"Group","RightName":"GenericAll","AceType":"","IsInherited":true},{"PrincipalSID":"COMPANY.LOCAL-S-1-5-32-544","PrincipalType":"Group","RightName":"WriteDacl","AceType":"","IsInherited":true},{"PrincipalSID":"COMPANY.LOCAL-S-1-5-32-544","PrincipalType":"Group","RightName":"WriteOwner","AceType":"","IsInherited":true}]},{"Properties":{"highvalue":false,"name":"MICROSOFT EXCHANGE SECURITY GROUPS@COMPANY.LOCAL","domain":"COMPANY.LOCAL","objectid":"2DF6B946-3E0B-4180-8E5B-20B675D65D63","distinguishedname":"OU=Microsoft Exchange Security Groups,DC=company,DC=local","description":null,"blocksinheritance":false},"Links":[],"ACLProtected":false,"Users":[],"Computers":[],"ChildOus":[],"RemoteDesktopUsers":[],"LocalAdmins":[],"DcomUsers":[],"PSRemoteUsers":[],"ObjectIdentifier":"2DF6B946-3E0B-4180-8E5B-20B675D65D63","Aces":[{"PrincipalSID":"S-1-5-21-2028861720-2957989011-300240830-512","PrincipalType":"Group","RightName":"Owner","AceType":"","IsInherited":false},{"PrincipalSID":"S-1-5-21-2028861720-2957989011-300240830-512","PrincipalType":"Group","RightName":"GenericAll","AceType":"","IsInherited":false},{"PrincipalSID":"S-1-5-21-2028861720-2957989011-300240830-1119","PrincipalType":"Group","RightName":"GenericAll","AceType":"","IsInherited":false},{"PrincipalSID":"S-1-5-21-2028861720-2957989011-300240830-519","PrincipalType":"Group","RightName":"GenericAll","AceType":"","IsInherited":true},{"PrincipalSID":"COMPANY.LOCAL-S-1-5-32-544","PrincipalType":"Group","RightName":"WriteDacl","AceType":"","IsInherited":true},{"PrincipalSID":"COMPANY.LOCAL-S-1-5-32-544","PrincipalType":"Group","RightName":"WriteOwner","AceType":"","IsInherited":true}]},{"Properties":{"highvalue":false,"name":"ALLUSERS@COMPANY.LOCAL","domain":"COMPANY.LOCAL","objectid":"B1EC8A91-E8FD-46A7-882B-CFB58B8F7198","distinguishedname":"OU=Allusers,DC=company,DC=local","description":null,"blocksinheritance":false},"Links":[],"ACLProtected":false,"Users":["S-1-5-21-2028861720-2957989011-300240830-1116","S-1-5-21-2028861720-2957989011-300240830-1107","S-1-5-21-2028861720-2957989011-300240830-1113","S-1-5-21-2028861720-2957989011-300240830-1114","S-1-5-21-2028861720-2957989011-300240830-1108","S-1-5-21-2028861720-2957989011-300240830-1111","S-1-5-21-2028861720-2957989011-300240830-1112","S-1-5-21-2028861720-2957989011-300240830-1115","S-1-5-21-2028861720-2957989011-300240830-1109","S-1-5-21-2028861720-2957989011-300240830-1110"],"Computers":[],"ChildOus":[],"RemoteDesktopUsers":[],"LocalAdmins":[],"DcomUsers":[],"PSRemoteUsers":[],"ObjectIdentifier":"B1EC8A91-E8FD-46A7-882B-CFB58B8F7198","Aces":[{"PrincipalSID":"S-1-5-21-2028861720-2957989011-300240830-1000","PrincipalType":"User","RightName":"Owner","AceType":"","IsInherited":false},{"PrincipalSID":"S-1-5-21-2028861720-2957989011-300240830-512","PrincipalType":"Group","RightName":"GenericAll","AceType":"","IsInherited":false},{"PrincipalSID":"S-1-5-21-2028861720-2957989011-300240830-519","PrincipalType":"Group","RightName":"GenericAll","AceType":"","IsInherited":true},{"PrincipalSID":"COMPANY.LOCAL-S-1-5-32-544","PrincipalType":"Group","RightName":"WriteDacl","AceType":"","IsInherited":true},{"PrincipalSID":"COMPANY.LOCAL-S-1-5-32-544","PrincipalType":"Group","RightName":"WriteOwner","AceType":"","IsInherited":true}]}],"meta":{"count":4,"type":"ous","version":3}}