﻿{"users":[{"Properties":{"highvalue":false,"name":"FEDOROV@COMPANY.LOCAL","domain":"COMPANY.LOCAL","objectid":"S-1-5-21-2028861720-2957989011-300240830-1113","distinguishedname":"CN=fedorov,OU=Allusers,DC=company,DC=local","description":null,"dontreqpreauth":false,"passwordnotreqd":false,"unconstraineddelegation":false,"sensitive":false,"enabled":true,"pwdneverexpires":true,"lastlogon":-1,"lastlogontimestamp":-1,"pwdlastset":1645007926,"serviceprincipalnames":[],"hasspn":false,"displayname":"fedorov","email":"fedorov@aram.loc","title":null,"homedirectory":null,"userpassword":null,"admincount":true,"sidhistory":[]},"AllowedToDelegate":[],"SPNTargets":[],"PrimaryGroupSid":"S-1-5-21-2028861720-2957989011-300240830-513","HasSIDHistory":[],"ObjectIdentifier":"S-1-5-21-2028861720-2957989011-300240830-1113","Aces":[{"PrincipalSID":"S-1-5-21-2028861720-2957989011-300240830-512","PrincipalType":"Group","RightName":"Owner","AceType":"","IsInherited":false},{"PrincipalSID":"COMPANY.LOCAL-S-1-5-32-544","PrincipalType":"Group","RightName":"WriteDacl","AceType":"","IsInherited":false},{"PrincipalSID":"COMPANY.LOCAL-S-1-5-32-544","PrincipalType":"Group","RightName":"WriteOwner","AceType":"","IsInherited":false},{"PrincipalSID":"COMPANY.LOCAL-S-1-5-32-544","PrincipalType":"Group","RightName":"ExtendedRight","AceType":"All","IsInherited":false},{"PrincipalSID":"COMPANY.LOCAL-S-1-5-32-544","PrincipalType":"Group","RightName":"GenericWrite","AceType":"","IsInherited":false},{"PrincipalSID":"S-1-5-21-2028861720-2957989011-300240830-512","PrincipalType":"Group","RightName":"WriteDacl","AceType":"","IsInherited":false},{"PrincipalSID":"S-1-5-21-2028861720-2957989011-300240830-512","PrincipalType":"Group","RightName":"WriteOwner","AceType":"","IsInherited":false},{"PrincipalSID":"S-1-5-21-2028861720-2957989011-300240830-512","PrincipalType":"Group","RightName":"ExtendedRight","AceType":"All","IsInherited":false},{"PrincipalSID":"S-1-5-21-2028861720-2957989011-300240830-512","PrincipalType":"Group","RightName":"GenericWrite","AceType":"","IsInherited":false},{"PrincipalSID":"S-1-5-21-2028861720-2957989011-300240830-519","PrincipalType":"Group","RightName":"WriteDacl","AceType":"","IsInherited":false},{"PrincipalSID":"S-1-5-21-2028861720-2957989011-300240830-519","PrincipalType":"Group","RightName":"WriteOwner","AceType":"","IsInherited":false},{"PrincipalSID":"S-1-5-21-2028861720-2957989011-300240830-519","PrincipalType":"Group","RightName":"ExtendedRight","AceType":"All","IsInherited":false},{"PrincipalSID":"S-1-5-21-2028861720-2957989011-300240830-519","PrincipalType":"Group","RightName":"GenericWrite","AceType":"","IsInherited":false}]},{"Properties":{"highvalue":false,"name":"CLOUDBASE-INIT@COMPANY.LOCAL","domain":"COMPANY.LOCAL","objectid":"S-1-5-21-2028861720-2957989011-300240830-1001","distinguishedname":"CN=cloudbase-init,CN=Users,DC=company,DC=local","description":null,"dontreqpreauth":false,"passwordnotreqd":false,"unconstraineddelegation":false,"sensitive":false,"enabled":true,"pwdneverexpires":true,"lastlogon":-1,"lastlogontimestamp":-1,"pwdlastset":1645007045,"serviceprincipalnames":[],"hasspn":false,"displayname":"cloudbase-init","email":null,"title":null,"homedirectory":null,"userpassword":null,"admincount":true,"sidhistory":[]},"AllowedToDelegate":[],"SPNTargets":[],"PrimaryGroupSid":"S-1-5-21-2028861720-2957989011-300240830-513","HasSIDHistory":[],"ObjectIdentifier":"S-1-5-21-2028861720-2957989011-300240830-1001","Aces":[{"PrincipalSID":"S-1-5-21-2028861720-2957989011-300240830-512","PrincipalType":"Group","RightName":"Owner","AceType":"","IsInherited":false},{"PrincipalSID":"COMPANY.LOCAL-S-1-5-32-544","PrincipalType":"Group","RightName":"WriteDacl","AceType":"","IsInherited":false},{"PrincipalSID":"COMPANY.LOCAL-S-1-5-32-544","PrincipalType":"Group","RightName":"WriteOwner","AceType":"","IsInherited":false},{"PrincipalSID":"COMPANY.LOCAL-S-1-5-32-544","PrincipalType":"Group","RightName":"ExtendedRight","AceType":"All","IsInherited":false},{"PrincipalSID":"COMPANY.LOCAL-S-1-5-32-544","PrincipalType":"Group","RightName":"GenericWrite","AceType":"","IsInherited":false},{"PrincipalSID":"S-1-5-21-2028861720-2957989011-300240830-512","PrincipalType":"Group","RightName":"WriteDacl","AceType":"","IsInherited":false},{"PrincipalSID":"S-1-5-21-2028861720-2957989011-300240830-512","PrincipalType":"Group","RightName":"WriteOwner","AceType":"","IsInherited":false},{"PrincipalSID":"S-1-5-21-2028861720-2957989011-300240830-512","PrincipalType":"Group","RightName":"ExtendedRight","AceType":"All","IsInherited":false},{"PrincipalSID":"S-1-5-21-2028861720-2957989011-300240830-512","PrincipalType":"Group","RightName":"GenericWrite","AceType":"","IsInherited":false},{"PrincipalSID":"S-1-5-21-2028861720-2957989011-300240830-519","PrincipalType":"Group","RightName":"WriteDacl","AceType":"","IsInherited":false},{"PrincipalSID":"S-1-5-21-2028861720-2957989011-300240830-519","PrincipalType":"Group","RightName":"WriteOwner","AceType":"","IsInherited":false},{"PrincipalSID":"S-1-5-21-2028861720-2957989011-300240830-519","PrincipalType":"Group","RightName":"ExtendedRight","AceType":"All","IsInherited":false},{"PrincipalSID":"S-1-5-21-2028861720-2957989011-300240830-519","PrincipalType":"Group","RightName":"GenericWrite","AceType":"","IsInherited":false}]},{"Properties":{"highvalue":false,"name":"KRBTGT@COMPANY.LOCAL","domain":"COMPANY.LOCAL","objectid":"S-1-5-21-2028861720-2957989011-300240830-502","distinguishedname":"CN=krbtgt,CN=Users,DC=company,DC=local","description":"Key Distribution Center Service Account","dontreqpreauth":false,"passwordnotreqd":false,"unconstraineddelegation":false,"sensitive":false,"enabled":false,"pwdneverexpires":false,"lastlogon":-1,"lastlogontimestamp":-1,"pwdlastset":1645007180,"serviceprincipalnames":["kadmin/changepw"],"hasspn":true,"displayname":null,"email":null,"title":null,"homedirectory":null,"userpassword":null,"admincount":true,"sidhistory":[]},"AllowedToDelegate":[],"SPNTargets":[],"PrimaryGroupSid":"S-1-5-21-2028861720-2957989011-300240830-513","HasSIDHistory":[],"ObjectIdentifier":"S-1-5-21-2028861720-2957989011-300240830-502","Aces":[{"PrincipalSID":"S-1-5-21-2028861720-2957989011-300240830-512","PrincipalType":"Group","RightName":"Owner","AceType":"","IsInherited":false},{"PrincipalSID":"COMPANY.LOCAL-S-1-5-32-544","PrincipalType":"Group","RightName":"WriteDacl","AceType":"","IsInherited":false},{"PrincipalSID":"COMPANY.LOCAL-S-1-5-32-544","PrincipalType":"Group","RightName":"WriteOwner","AceType":"","IsInherited":false},{"PrincipalSID":"COMPANY.LOCAL-S-1-5-32-544","PrincipalType":"Group","RightName":"ExtendedRight","AceType":"All","IsInherited":false},{"PrincipalSID":"COMPANY.LOCAL-S-1-5-32-544","PrincipalType":"Group","RightName":"GenericWrite","AceType":"","IsInherited":false},{"PrincipalSID":"S-1-5-21-2028861720-2957989011-300240830-512","PrincipalType":"Group","RightName":"WriteDacl","AceType":"","IsInherited":false},{"PrincipalSID":"S-1-5-21-2028861720-2957989011-300240830-512","PrincipalType":"Group","RightName":"WriteOwner","AceType":"","IsInherited":false},{"PrincipalSID":"S-1-5-21-2028861720-2957989011-300240830-512","PrincipalType":"Group","RightName":"ExtendedRight","AceType":"All","IsInherited":false},{"PrincipalSID":"S-1-5-21-2028861720-2957989011-300240830-512","PrincipalType":"Group","RightName":"GenericWrite","AceType":"","IsInherited":false},{"PrincipalSID":"S-1-5-21-2028861720-2957989011-300240830-519","PrincipalType":"Group","RightName":"WriteDacl","AceType":"","IsInherited":false},{"PrincipalSID":"S-1-5-21-2028861720-2957989011-300240830-519","PrincipalType":"Group","RightName":"WriteOwner","AceType":"","IsInherited":false},{"PrincipalSID":"S-1-5-21-2028861720-2957989011-300240830-519","PrincipalType":"Group","RightName":"ExtendedRight","AceType":"All","IsInherited":false},{"PrincipalSID":"S-1-5-21-2028861720-2957989011-300240830-519","PrincipalType":"Group","RightName":"GenericWrite","AceType":"","IsInherited":false}]},{"Properties":{"highvalue":false,"name":"MPUSER@COMPANY.LOCAL","domain":"COMPANY.LOCAL","objectid":"S-1-5-21-2028861720-2957989011-300240830-1106","distinguishedname":"CN=mpuser,CN=Users,DC=company,DC=local","description":null,"dontreqpreauth":false,"passwordnotreqd":false,"unconstraineddelegation":false,"sensitive":false,"enabled":true,"pwdneverexpires":true,"lastlogon":-1,"lastlogontimestamp":1645181990,"pwdlastset":1645007609,"serviceprincipalnames":[],"hasspn":false,"displayname":null,"email":null,"title":null,"homedirectory":null,"userpassword":null,"admincount":false,"sidhistory":[]},"AllowedToDelegate":[],"SPNTargets":[],"PrimaryGroupSid":"S-1-5-21-2028861720-2957989011-300240830-513","HasSIDHistory":[],"ObjectIdentifier":"S-1-5-21-2028861720-2957989011-300240830-1106","Aces":[{"PrincipalSID":"S-1-5-21-2028861720-2957989011-300240830-1000","PrincipalType":"User","RightName":"Owner","AceType":"","IsInherited":false},{"PrincipalSID":"COMPANY.LOCAL-S-1-5-32-548","PrincipalType":"Group","RightName":"GenericAll","AceType":"","IsInherited":false},{"PrincipalSID":"S-1-5-21-2028861720-2957989011-300240830-512","PrincipalType":"Group","RightName":"GenericAll","AceType":"","IsInherited":false},{"PrincipalSID":"S-1-5-21-2028861720-2957989011-300240830-1136","PrincipalType":"Group","RightName":"ExtendedRight","AceType":"User-Force-Change-Password","IsInherited":true},{"PrincipalSID":"S-1-5-21-2028861720-2957989011-300240830-1136","PrincipalType":"Group","RightName":"WriteDacl","AceType":"","IsInherited":true},{"PrincipalSID":"S-1-5-21-2028861720-2957989011-300240830-519","PrincipalType":"Group","RightName":"GenericAll","AceType":"","IsInherited":true},{"PrincipalSID":"COMPANY.LOCAL-S-1-5-32-544","PrincipalType":"Group","RightName":"WriteDacl","AceType":"","IsInherited":true},{"PrincipalSID":"COMPANY.LOCAL-S-1-5-32-544","PrincipalType":"Group","RightName":"WriteOwner","AceType":"","IsInherited":true},{"PrincipalSID":"COMPANY.LOCAL-S-1-5-32-544","PrincipalType":"Group","RightName":"ExtendedRight","AceType":"All","IsInherited":true},{"PrincipalSID":"COMPANY.LOCAL-S-1-5-32-544","PrincipalType":"Group","RightName":"GenericWrite","AceType":"","IsInherited":true}]},{"Properties":{"highvalue":false,"name":"EXCH_SRV@COMPANY.LOCAL","domain":"COMPANY.LOCAL","objectid":"S-1-5-21-2028861720-2957989011-300240830-1107","distinguishedname":"CN=Exch_srv,OU=Allusers,DC=company,DC=local","description":null,"dontreqpreauth":false,"passwordnotreqd":false,"unconstraineddelegation":false,"sensitive":false,"enabled":true,"pwdneverexpires":true,"lastlogon":-1,"lastlogontimestamp":-1,"pwdlastset":1645007926,"serviceprincipalnames":[],"hasspn":false,"displayname":"Exch_srv","email":"Exch_srv@aram.loc","title":null,"homedirectory":null,"userpassword":null,"admincount":false,"sidhistory":[]},"AllowedToDelegate":[],"SPNTargets":[],"PrimaryGroupSid":"S-1-5-21-2028861720-2957989011-300240830-513","HasSIDHistory":[],"ObjectIdentifier":"S-1-5-21-2028861720-2957989011-300240830-1107","Aces":[{"PrincipalSID":"S-1-5-21-2028861720-2957989011-300240830-512","PrincipalType":"Group","RightName":"Owner","AceType":"","IsInherited":false},{"PrincipalSID":"COMPANY.LOCAL-S-1-5-32-548","PrincipalType":"Group","RightName":"GenericAll","AceType":"","IsInherited":false},{"PrincipalSID":"S-1-5-21-2028861720-2957989011-300240830-512","PrincipalType":"Group","RightName":"GenericAll","AceType":"","IsInherited":false},{"PrincipalSID":"S-1-5-21-2028861720-2957989011-300240830-1136","PrincipalType":"Group","RightName":"ExtendedRight","AceType":"User-Force-Change-Password","IsInherited":true},{"PrincipalSID":"S-1-5-21-2028861720-2957989011-300240830-1136","PrincipalType":"Group","RightName":"WriteDacl","AceType":"","IsInherited":true},{"PrincipalSID":"S-1-5-21-2028861720-2957989011-300240830-519","PrincipalType":"Group","RightName":"GenericAll","AceType":"","IsInherited":true},{"PrincipalSID":"COMPANY.LOCAL-S-1-5-32-544","PrincipalType":"Group","RightName":"WriteDacl","AceType":"","IsInherited":true},{"PrincipalSID":"COMPANY.LOCAL-S-1-5-32-544","PrincipalType":"Group","RightName":"WriteOwner","AceType":"","IsInherited":true},{"PrincipalSID":"COMPANY.LOCAL-S-1-5-32-544","PrincipalType":"Group","RightName":"ExtendedRight","AceType":"All","IsInherited":true},{"PrincipalSID":"COMPANY.LOCAL-S-1-5-32-544","PrincipalType":"Group","RightName":"GenericWrite","AceType":"","IsInherited":true}]},{"Properties":{"highvalue":false,"name":"IVANOV@COMPANY.LOCAL","domain":"COMPANY.LOCAL","objectid":"S-1-5-21-2028861720-2957989011-300240830-1108","distinguishedname":"CN=ivanov,OU=Allusers,DC=company,DC=local","description":null,"dontreqpreauth":false,"passwordnotreqd":false,"unconstraineddelegation":false,"sensitive":false,"enabled":true,"pwdneverexpires":true,"lastlogon":-1,"lastlogontimestamp":-1,"pwdlastset":1645007926,"serviceprincipalnames":[],"hasspn":false,"displayname":"ivanov","email":"ivanov@aram.loc","title":null,"homedirectory":null,"userpassword":null,"admincount":false,"sidhistory":[]},"AllowedToDelegate":[],"SPNTargets":[],"PrimaryGroupSid":"S-1-5-21-2028861720-2957989011-300240830-513","HasSIDHistory":[],"ObjectIdentifier":"S-1-5-21-2028861720-2957989011-300240830-1108","Aces":[{"PrincipalSID":"S-1-5-21-2028861720-2957989011-300240830-512","PrincipalType":"Group","RightName":"Owner","AceType":"","IsInherited":false},{"PrincipalSID":"COMPANY.LOCAL-S-1-5-32-548","PrincipalType":"Group","RightName":"GenericAll","AceType":"","IsInherited":false},{"PrincipalSID":"S-1-5-21-2028861720-2957989011-300240830-512","PrincipalType":"Group","RightName":"GenericAll","AceType":"","IsInherited":false},{"PrincipalSID":"S-1-5-21-2028861720-2957989011-300240830-1136","PrincipalType":"Group","RightName":"ExtendedRight","AceType":"User-Force-Change-Password","IsInherited":true},{"PrincipalSID":"S-1-5-21-2028861720-2957989011-300240830-1136","PrincipalType":"Group","RightName":"WriteDacl","AceType":"","IsInherited":true},{"PrincipalSID":"S-1-5-21-2028861720-2957989011-300240830-519","PrincipalType":"Group","RightName":"GenericAll","AceType":"","IsInherited":true},{"PrincipalSID":"COMPANY.LOCAL-S-1-5-32-544","PrincipalType":"Group","RightName":"WriteDacl","AceType":"","IsInherited":true},{"PrincipalSID":"COMPANY.LOCAL-S-1-5-32-544","PrincipalType":"Group","RightName":"WriteOwner","AceType":"","IsInherited":true},{"PrincipalSID":"COMPANY.LOCAL-S-1-5-32-544","PrincipalType":"Group","RightName":"ExtendedRight","AceType":"All","IsInherited":true},{"PrincipalSID":"COMPANY.LOCAL-S-1-5-32-544","PrincipalType":"Group","RightName":"GenericWrite","AceType":"","IsInherited":true}]},{"Properties":{"highvalue":false,"name":"SIDOROV@COMPANY.LOCAL","domain":"COMPANY.LOCAL","objectid":"S-1-5-21-2028861720-2957989011-300240830-1110","distinguishedname":"CN=sidorov,OU=Allusers,DC=company,DC=local","description":null,"dontreqpreauth":false,"passwordnotreqd":false,"unconstraineddelegation":false,"sensitive":false,"enabled":true,"pwdneverexpires":true,"lastlogon":-1,"lastlogontimestamp":-1,"pwdlastset":1645007926,"serviceprincipalnames":[],"hasspn":false,"displayname":"sidorov","email":"sidorov@aram.loc","title":null,"homedirectory":null,"userpassword":null,"admincount":false,"sidhistory":[]},"AllowedToDelegate":[],"SPNTargets":[],"PrimaryGroupSid":"S-1-5-21-2028861720-2957989011-300240830-513","HasSIDHistory":[],"ObjectIdentifier":"S-1-5-21-2028861720-2957989011-300240830-1110","Aces":[{"PrincipalSID":"S-1-5-21-2028861720-2957989011-300240830-512","PrincipalType":"Group","RightName":"Owner","AceType":"","IsInherited":false},{"PrincipalSID":"COMPANY.LOCAL-S-1-5-32-548","PrincipalType":"Group","RightName":"GenericAll","AceType":"","IsInherited":false},{"PrincipalSID":"S-1-5-21-2028861720-2957989011-300240830-512","PrincipalType":"Group","RightName":"GenericAll","AceType":"","IsInherited":false},{"PrincipalSID":"S-1-5-21-2028861720-2957989011-300240830-1136","PrincipalType":"Group","RightName":"ExtendedRight","AceType":"User-Force-Change-Password","IsInherited":true},{"PrincipalSID":"S-1-5-21-2028861720-2957989011-300240830-1136","PrincipalType":"Group","RightName":"WriteDacl","AceType":"","IsInherited":true},{"PrincipalSID":"S-1-5-21-2028861720-2957989011-300240830-519","PrincipalType":"Group","RightName":"GenericAll","AceType":"","IsInherited":true},{"PrincipalSID":"COMPANY.LOCAL-S-1-5-32-544","PrincipalType":"Group","RightName":"WriteDacl","AceType":"","IsInherited":true},{"PrincipalSID":"COMPANY.LOCAL-S-1-5-32-544","PrincipalType":"Group","RightName":"WriteOwner","AceType":"","IsInherited":true},{"PrincipalSID":"COMPANY.LOCAL-S-1-5-32-544","PrincipalType":"Group","RightName":"ExtendedRight","AceType":"All","IsInherited":true},{"PrincipalSID":"COMPANY.LOCAL-S-1-5-32-544","PrincipalType":"Group","RightName":"GenericWrite","AceType":"","IsInherited":true}]},{"Properties":{"highvalue":false,"name":"PETROV@COMPANY.LOCAL","domain":"COMPANY.LOCAL","objectid":"S-1-5-21-2028861720-2957989011-300240830-1109","distinguishedname":"CN=petrov,OU=Allusers,DC=company,DC=local","description":null,"dontreqpreauth":false,"passwordnotreqd":false,"unconstraineddelegation":false,"sensitive":false,"enabled":true,"pwdneverexpires":true,"lastlogon":-1,"lastlogontimestamp":-1,"pwdlastset":1645007926,"serviceprincipalnames":[],"hasspn":false,"displayname":"petrov","email":"petrov@aram.loc","title":null,"homedirectory":null,"userpassword":null,"admincount":false,"sidhistory":[]},"AllowedToDelegate":[],"SPNTargets":[],"PrimaryGroupSid":"S-1-5-21-2028861720-2957989011-300240830-513","HasSIDHistory":[],"ObjectIdentifier":"S-1-5-21-2028861720-2957989011-300240830-1109","Aces":[{"PrincipalSID":"S-1-5-21-2028861720-2957989011-300240830-512","PrincipalType":"Group","RightName":"Owner","AceType":"","IsInherited":false},{"PrincipalSID":"COMPANY.LOCAL-S-1-5-32-548","PrincipalType":"Group","RightName":"GenericAll","AceType":"","IsInherited":false},{"PrincipalSID":"S-1-5-21-2028861720-2957989011-300240830-512","PrincipalType":"Group","RightName":"GenericAll","AceType":"","IsInherited":false},{"PrincipalSID":"S-1-5-21-2028861720-2957989011-300240830-1136","PrincipalType":"Group","RightName":"ExtendedRight","AceType":"User-Force-Change-Password","IsInherited":true},{"PrincipalSID":"S-1-5-21-2028861720-2957989011-300240830-1136","PrincipalType":"Group","RightName":"WriteDacl","AceType":"","IsInherited":true},{"PrincipalSID":"S-1-5-21-2028861720-2957989011-300240830-519","PrincipalType":"Group","RightName":"GenericAll","AceType":"","IsInherited":true},{"PrincipalSID":"COMPANY.LOCAL-S-1-5-32-544","PrincipalType":"Group","RightName":"WriteDacl","AceType":"","IsInherited":true},{"PrincipalSID":"COMPANY.LOCAL-S-1-5-32-544","PrincipalType":"Group","RightName":"WriteOwner","AceType":"","IsInherited":true},{"PrincipalSID":"COMPANY.LOCAL-S-1-5-32-544","PrincipalType":"Group","RightName":"ExtendedRight","AceType":"All","IsInherited":true},{"PrincipalSID":"COMPANY.LOCAL-S-1-5-32-544","PrincipalType":"Group","RightName":"GenericWrite","AceType":"","IsInherited":true}]},{"Properties":{"highvalue":false,"name":"KUZMIN@COMPANY.LOCAL","domain":"COMPANY.LOCAL","objectid":"S-1-5-21-2028861720-2957989011-300240830-1111","distinguishedname":"CN=kuzmin,OU=Allusers,DC=company,DC=local","description":null,"dontreqpreauth":false,"passwordnotreqd":false,"unconstraineddelegation":false,"sensitive":false,"enabled":true,"pwdneverexpires":true,"lastlogon":-1,"lastlogontimestamp":-1,"pwdlastset":1645007926,"serviceprincipalnames":[],"hasspn":false,"displayname":"kuzmin","email":"kuzmin@aram.loc","title":null,"homedirectory":null,"userpassword":null,"admincount":false,"sidhistory":[]},"AllowedToDelegate":[],"SPNTargets":[],"PrimaryGroupSid":"S-1-5-21-2028861720-2957989011-300240830-513","HasSIDHistory":[],"ObjectIdentifier":"S-1-5-21-2028861720-2957989011-300240830-1111","Aces":[{"PrincipalSID":"S-1-5-21-2028861720-2957989011-300240830-512","PrincipalType":"Group","RightName":"Owner","AceType":"","IsInherited":false},{"PrincipalSID":"COMPANY.LOCAL-S-1-5-32-548","PrincipalType":"Group","RightName":"GenericAll","AceType":"","IsInherited":false},{"PrincipalSID":"S-1-5-21-2028861720-2957989011-300240830-512","PrincipalType":"Group","RightName":"GenericAll","AceType":"","IsInherited":false},{"PrincipalSID":"S-1-5-21-2028861720-2957989011-300240830-1136","PrincipalType":"Group","RightName":"ExtendedRight","AceType":"User-Force-Change-Password","IsInherited":true},{"PrincipalSID":"S-1-5-21-2028861720-2957989011-300240830-1136","PrincipalType":"Group","RightName":"WriteDacl","AceType":"","IsInherited":true},{"PrincipalSID":"S-1-5-21-2028861720-2957989011-300240830-519","PrincipalType":"Group","RightName":"GenericAll","AceType":"","IsInherited":true},{"PrincipalSID":"COMPANY.LOCAL-S-1-5-32-544","PrincipalType":"Group","RightName":"WriteDacl","AceType":"","IsInherited":true},{"PrincipalSID":"COMPANY.LOCAL-S-1-5-32-544","PrincipalType":"Group","RightName":"WriteOwner","AceType":"","IsInherited":true},{"PrincipalSID":"COMPANY.LOCAL-S-1-5-32-544","PrincipalType":"Group","RightName":"ExtendedRight","AceType":"All","IsInherited":true},{"PrincipalSID":"COMPANY.LOCAL-S-1-5-32-544","PrincipalType":"Group","RightName":"GenericWrite","AceType":"","IsInherited":true}]},{"Properties":{"highvalue":false,"name":"MARKOV@COMPANY.LOCAL","domain":"COMPANY.LOCAL","objectid":"S-1-5-21-2028861720-2957989011-300240830-1112","distinguishedname":"CN=markov,OU=Allusers,DC=company,DC=local","description":null,"dontreqpreauth":false,"passwordnotreqd":false,"unconstraineddelegation":false,"sensitive":false,"enabled":true,"pwdneverexpires":true,"lastlogon":-1,"lastlogontimestamp":-1,"pwdlastset":1645007926,"serviceprincipalnames":[],"hasspn":false,"displayname":"markov","email":"markov@aram.loc","title":null,"homedirectory":null,"userpassword":null,"admincount":false,"sidhistory":[]},"AllowedToDelegate":[],"SPNTargets":[],"PrimaryGroupSid":"S-1-5-21-2028861720-2957989011-300240830-513","HasSIDHistory":[],"ObjectIdentifier":"S-1-5-21-2028861720-2957989011-300240830-1112","Aces":[{"PrincipalSID":"S-1-5-21-2028861720-2957989011-300240830-512","PrincipalType":"Group","RightName":"Owner","AceType":"","IsInherited":false},{"PrincipalSID":"COMPANY.LOCAL-S-1-5-32-548","PrincipalType":"Group","RightName":"GenericAll","AceType":"","IsInherited":false},{"PrincipalSID":"S-1-5-21-2028861720-2957989011-300240830-512","PrincipalType":"Group","RightName":"GenericAll","AceType":"","IsInherited":false},{"PrincipalSID":"S-1-5-21-2028861720-2957989011-300240830-1136","PrincipalType":"Group","RightName":"ExtendedRight","AceType":"User-Force-Change-Password","IsInherited":true},{"PrincipalSID":"S-1-5-21-2028861720-2957989011-300240830-1136","PrincipalType":"Group","RightName":"WriteDacl","AceType":"","IsInherited":true},{"PrincipalSID":"S-1-5-21-2028861720-2957989011-300240830-519","PrincipalType":"Group","RightName":"GenericAll","AceType":"","IsInherited":true},{"PrincipalSID":"COMPANY.LOCAL-S-1-5-32-544","PrincipalType":"Group","RightName":"WriteDacl","AceType":"","IsInherited":true},{"PrincipalSID":"COMPANY.LOCAL-S-1-5-32-544","PrincipalType":"Group","RightName":"WriteOwner","AceType":"","IsInherited":true},{"PrincipalSID":"COMPANY.LOCAL-S-1-5-32-544","PrincipalType":"Group","RightName":"ExtendedRight","AceType":"All","IsInherited":true},{"PrincipalSID":"COMPANY.LOCAL-S-1-5-32-544","PrincipalType":"Group","RightName":"GenericWrite","AceType":"","IsInherited":true}]},{"Properties":{"highvalue":false,"name":"FROLOV@COMPANY.LOCAL","domain":"COMPANY.LOCAL","objectid":"S-1-5-21-2028861720-2957989011-300240830-1114","distinguishedname":"CN=frolov,OU=Allusers,DC=company,DC=local","description":null,"dontreqpreauth":false,"passwordnotreqd":false,"unconstraineddelegation":false,"sensitive":false,"enabled":true,"pwdneverexpires":true,"lastlogon":-1,"lastlogontimestamp":-1,"pwdlastset":1645007926,"serviceprincipalnames":[],"hasspn":false,"displayname":"frolov","email":"frolov@aram.loc","title":null,"homedirectory":null,"userpassword":null,"admincount":false,"sidhistory":[]},"AllowedToDelegate":[],"SPNTargets":[],"PrimaryGroupSid":"S-1-5-21-2028861720-2957989011-300240830-513","HasSIDHistory":[],"ObjectIdentifier":"S-1-5-21-2028861720-2957989011-300240830-1114","Aces":[{"PrincipalSID":"S-1-5-21-2028861720-2957989011-300240830-512","PrincipalType":"Group","RightName":"Owner","AceType":"","IsInherited":false},{"PrincipalSID":"COMPANY.LOCAL-S-1-5-32-548","PrincipalType":"Group","RightName":"GenericAll","AceType":"","IsInherited":false},{"PrincipalSID":"S-1-5-21-2028861720-2957989011-300240830-512","PrincipalType":"Group","RightName":"GenericAll","AceType":"","IsInherited":false},{"PrincipalSID":"S-1-5-21-2028861720-2957989011-300240830-1136","PrincipalType":"Group","RightName":"ExtendedRight","AceType":"User-Force-Change-Password","IsInherited":true},{"PrincipalSID":"S-1-5-21-2028861720-2957989011-300240830-1136","PrincipalType":"Group","RightName":"WriteDacl","AceType":"","IsInherited":true},{"PrincipalSID":"S-1-5-21-2028861720-2957989011-300240830-519","PrincipalType":"Group","RightName":"GenericAll","AceType":"","IsInherited":true},{"PrincipalSID":"COMPANY.LOCAL-S-1-5-32-544","PrincipalType":"Group","RightName":"WriteDacl","AceType":"","IsInherited":true},{"PrincipalSID":"COMPANY.LOCAL-S-1-5-32-544","PrincipalType":"Group","RightName":"WriteOwner","AceType":"","IsInherited":true},{"PrincipalSID":"COMPANY.LOCAL-S-1-5-32-544","PrincipalType":"Group","RightName":"ExtendedRight","AceType":"All","IsInherited":true},{"PrincipalSID":"COMPANY.LOCAL-S-1-5-32-544","PrincipalType":"Group","RightName":"GenericWrite","AceType":"","IsInherited":true}]},{"Properties":{"highvalue":false,"name":"MOROZOV@COMPANY.LOCAL","domain":"COMPANY.LOCAL","objectid":"S-1-5-21-2028861720-2957989011-300240830-1115","distinguishedname":"CN=morozov,OU=Allusers,DC=company,DC=local","description":null,"dontreqpreauth":false,"passwordnotreqd":false,"unconstraineddelegation":false,"sensitive":false,"enabled":true,"pwdneverexpires":true,"lastlogon":-1,"lastlogontimestamp":-1,"pwdlastset":1645007926,"serviceprincipalnames":[],"hasspn":false,"displayname":"morozov","email":"morozov@aram.loc","title":null,"homedirectory":null,"userpassword":null,"admincount":false,"sidhistory":[]},"AllowedToDelegate":[],"SPNTargets":[],"PrimaryGroupSid":"S-1-5-21-2028861720-2957989011-300240830-513","HasSIDHistory":[],"ObjectIdentifier":"S-1-5-21-2028861720-2957989011-300240830-1115","Aces":[{"PrincipalSID":"S-1-5-21-2028861720-2957989011-300240830-512","PrincipalType":"Group","RightName":"Owner","AceType":"","IsInherited":false},{"PrincipalSID":"COMPANY.LOCAL-S-1-5-32-548","PrincipalType":"Group","RightName":"GenericAll","AceType":"","IsInherited":false},{"PrincipalSID":"S-1-5-21-2028861720-2957989011-300240830-512","PrincipalType":"Group","RightName":"GenericAll","AceType":"","IsInherited":false},{"PrincipalSID":"S-1-5-21-2028861720-2957989011-300240830-1136","PrincipalType":"Group","RightName":"ExtendedRight","AceType":"User-Force-Change-Password","IsInherited":true},{"PrincipalSID":"S-1-5-21-2028861720-2957989011-300240830-1136","PrincipalType":"Group","RightName":"WriteDacl","AceType":"","IsInherited":true},{"PrincipalSID":"S-1-5-21-2028861720-2957989011-300240830-519","PrincipalType":"Group","RightName":"GenericAll","AceType":"","IsInherited":true},{"PrincipalSID":"COMPANY.LOCAL-S-1-5-32-544","PrincipalType":"Group","RightName":"WriteDacl","AceType":"","IsInherited":true},{"PrincipalSID":"COMPANY.LOCAL-S-1-5-32-544","PrincipalType":"Group","RightName":"WriteOwner","AceType":"","IsInherited":true},{"PrincipalSID":"COMPANY.LOCAL-S-1-5-32-544","PrincipalType":"Group","RightName":"ExtendedRight","AceType":"All","IsInherited":true},{"PrincipalSID":"COMPANY.LOCAL-S-1-5-32-544","PrincipalType":"Group","RightName":"GenericWrite","AceType":"","IsInherited":true}]},{"Properties":{"highvalue":false,"name":"BORISOV@COMPANY.LOCAL","domain":"COMPANY.LOCAL","objectid":"S-1-5-21-2028861720-2957989011-300240830-1116","distinguishedname":"CN=borisov,OU=Allusers,DC=company,DC=local","description":null,"dontreqpreauth":false,"passwordnotreqd":false,"unconstraineddelegation":false,"sensitive":false,"enabled":true,"pwdneverexpires":true,"lastlogon":-1,"lastlogontimestamp":-1,"pwdlastset":1645007926,"serviceprincipalnames":[],"hasspn":false,"displayname":"borisov","email":"borisov@aram.loc","title":null,"homedirectory":null,"userpassword":null,"admincount":false,"sidhistory":[]},"AllowedToDelegate":[],"SPNTargets":[],"PrimaryGroupSid":"S-1-5-21-2028861720-2957989011-300240830-513","HasSIDHistory":[],"ObjectIdentifier":"S-1-5-21-2028861720-2957989011-300240830-1116","Aces":[{"PrincipalSID":"S-1-5-21-2028861720-2957989011-300240830-512","PrincipalType":"Group","RightName":"Owner","AceType":"","IsInherited":false},{"PrincipalSID":"COMPANY.LOCAL-S-1-5-32-548","PrincipalType":"Group","RightName":"GenericAll","AceType":"","IsInherited":false},{"PrincipalSID":"S-1-5-21-2028861720-2957989011-300240830-512","PrincipalType":"Group","RightName":"GenericAll","AceType":"","IsInherited":false},{"PrincipalSID":"S-1-5-21-2028861720-2957989011-300240830-1136","PrincipalType":"Group","RightName":"ExtendedRight","AceType":"User-Force-Change-Password","IsInherited":true},{"PrincipalSID":"S-1-5-21-2028861720-2957989011-300240830-1136","PrincipalType":"Group","RightName":"WriteDacl","AceType":"","IsInherited":true},{"PrincipalSID":"S-1-5-21-2028861720-2957989011-300240830-519","PrincipalType":"Group","RightName":"GenericAll","AceType":"","IsInherited":true},{"PrincipalSID":"COMPANY.LOCAL-S-1-5-32-544","PrincipalType":"Group","RightName":"WriteDacl","AceType":"","IsInherited":true},{"PrincipalSID":"COMPANY.LOCAL-S-1-5-32-544","PrincipalType":"Group","RightName":"WriteOwner","AceType":"","IsInherited":true},{"PrincipalSID":"COMPANY.LOCAL-S-1-5-32-544","PrincipalType":"Group","RightName":"ExtendedRight","AceType":"All","IsInherited":true},{"PrincipalSID":"COMPANY.LOCAL-S-1-5-32-544","PrincipalType":"Group","RightName":"GenericWrite","AceType":"","IsInherited":true}]},{"Properties":{"highvalue":false,"name":"$I31000-QQHQDMGHUC90@COMPANY.LOCAL","domain":"COMPANY.LOCAL","objectid":"S-1-5-21-2028861720-2957989011-300240830-1138","distinguishedname":"CN=Exchange Online-ApplicationAccount,CN=Users,DC=company,DC=local","description":null,"dontreqpreauth":false,"passwordnotreqd":true,"unconstraineddelegation":false,"sensitive":false,"enabled":false,"pwdneverexpires":false,"lastlogon":-1,"lastlogontimestamp":-1,"pwdlastset":-1,"serviceprincipalnames":[],"hasspn":false,"displayname":null,"email":null,"title":null,"homedirectory":null,"userpassword":null,"admincount":false,"sidhistory":[]},"AllowedToDelegate":[],"SPNTargets":[],"PrimaryGroupSid":"S-1-5-21-2028861720-2957989011-300240830-513","HasSIDHistory":[],"ObjectIdentifier":"S-1-5-21-2028861720-2957989011-300240830-1138","Aces":[{"PrincipalSID":"S-1-5-21-2028861720-2957989011-300240830-512","PrincipalType":"Group","RightName":"Owner","AceType":"","IsInherited":false},{"PrincipalSID":"COMPANY.LOCAL-S-1-5-32-548","PrincipalType":"Group","RightName":"GenericAll","AceType":"","IsInherited":false},{"PrincipalSID":"S-1-5-21-2028861720-2957989011-300240830-512","PrincipalType":"Group","RightName":"GenericAll","AceType":"","IsInherited":false},{"PrincipalSID":"S-1-5-21-2028861720-2957989011-300240830-1136","PrincipalType":"Group","RightName":"ExtendedRight","AceType":"User-Force-Change-Password","IsInherited":true},{"PrincipalSID":"S-1-5-21-2028861720-2957989011-300240830-1136","PrincipalType":"Group","RightName":"WriteDacl","AceType":"","IsInherited":true},{"PrincipalSID":"S-1-5-21-2028861720-2957989011-300240830-519","PrincipalType":"Group","RightName":"GenericAll","AceType":"","IsInherited":true},{"PrincipalSID":"COMPANY.LOCAL-S-1-5-32-544","PrincipalType":"Group","RightName":"WriteDacl","AceType":"","IsInherited":true},{"PrincipalSID":"COMPANY.LOCAL-S-1-5-32-544","PrincipalType":"Group","RightName":"WriteOwner","AceType":"","IsInherited":true},{"PrincipalSID":"COMPANY.LOCAL-S-1-5-32-544","PrincipalType":"Group","RightName":"ExtendedRight","AceType":"All","IsInherited":true},{"PrincipalSID":"COMPANY.LOCAL-S-1-5-32-544","PrincipalType":"Group","RightName":"GenericWrite","AceType":"","IsInherited":true}]},{"Properties":{"highvalue":false,"name":"SM_47009664EDB44B07A@COMPANY.LOCAL","domain":"COMPANY.LOCAL","objectid":"S-1-5-21-2028861720-2957989011-300240830-1139","distinguishedname":"CN=SystemMailbox{1f05a927-bcbe-44f7-97e4-bd00b7e9920d},CN=Users,DC=company,DC=local","description":null,"dontreqpreauth":false,"passwordnotreqd":false,"unconstraineddelegation":false,"sensitive":false,"enabled":false,"pwdneverexpires":false,"lastlogon":-1,"lastlogontimestamp":-1,"pwdlastset":-1,"serviceprincipalnames":[],"hasspn":false,"displayname":"Microsoft Exchange Approval Assistant","email":"SystemMailbox{1f05a927-bcbe-44f7-97e4-bd00b7e9920d}@company.local","title":null,"homedirectory":null,"userpassword":null,"admincount":false,"sidhistory":[]},"AllowedToDelegate":[],"SPNTargets":[],"PrimaryGroupSid":"S-1-5-21-2028861720-2957989011-300240830-513","HasSIDHistory":[],"ObjectIdentifier":"S-1-5-21-2028861720-2957989011-300240830-1139","Aces":[{"PrincipalSID":"S-1-5-21-2028861720-2957989011-300240830-512","PrincipalType":"Group","RightName":"Owner","AceType":"","IsInherited":false},{"PrincipalSID":"COMPANY.LOCAL-S-1-5-32-548","PrincipalType":"Group","RightName":"GenericAll","AceType":"","IsInherited":false},{"PrincipalSID":"S-1-5-21-2028861720-2957989011-300240830-512","PrincipalType":"Group","RightName":"GenericAll","AceType":"","IsInherited":false},{"PrincipalSID":"S-1-5-21-2028861720-2957989011-300240830-1119","PrincipalType":"Group","RightName":"GenericAll","AceType":"","IsInherited":false},{"PrincipalSID":"S-1-5-21-2028861720-2957989011-300240830-1136","PrincipalType":"Group","RightName":"ExtendedRight","AceType":"User-Force-Change-Password","IsInherited":true},{"PrincipalSID":"S-1-5-21-2028861720-2957989011-300240830-1136","PrincipalType":"Group","RightName":"WriteDacl","AceType":"","IsInherited":true},{"PrincipalSID":"S-1-5-21-2028861720-2957989011-300240830-519","PrincipalType":"Group","RightName":"GenericAll","AceType":"","IsInherited":true},{"PrincipalSID":"COMPANY.LOCAL-S-1-5-32-544","PrincipalType":"Group","RightName":"WriteDacl","AceType":"","IsInherited":true},{"PrincipalSID":"COMPANY.LOCAL-S-1-5-32-544","PrincipalType":"Group","RightName":"WriteOwner","AceType":"","IsInherited":true},{"PrincipalSID":"COMPANY.LOCAL-S-1-5-32-544","PrincipalType":"Group","RightName":"ExtendedRight","AceType":"All","IsInherited":true},{"PrincipalSID":"COMPANY.LOCAL-S-1-5-32-544","PrincipalType":"Group","RightName":"GenericWrite","AceType":"","IsInherited":true}]},{"Properties":{"highvalue":false,"name":"SM_B43EB2145C5F4BD88@COMPANY.LOCAL","domain":"COMPANY.LOCAL","objectid":"S-1-5-21-2028861720-2957989011-300240830-1140","distinguishedname":"CN=SystemMailbox{bb558c35-97f1-4cb9-8ff7-d53741dc928c},CN=Users,DC=company,DC=local","description":null,"dontreqpreauth":false,"passwordnotreqd":false,"unconstraineddelegation":false,"sensitive":false,"enabled":false,"pwdneverexpires":false,"lastlogon":-1,"lastlogontimestamp":-1,"pwdlastset":-1,"serviceprincipalnames":[],"hasspn":false,"displayname":"Microsoft Exchange","email":"SystemMailbox{bb558c35-97f1-4cb9-8ff7-d53741dc928c}@company.local","title":null,"homedirectory":null,"userpassword":null,"admincount":false,"sidhistory":[]},"AllowedToDelegate":[],"SPNTargets":[],"PrimaryGroupSid":"S-1-5-21-2028861720-2957989011-300240830-513","HasSIDHistory":[],"ObjectIdentifier":"S-1-5-21-2028861720-2957989011-300240830-1140","Aces":[{"PrincipalSID":"S-1-5-21-2028861720-2957989011-300240830-512","PrincipalType":"Group","RightName":"Owner","AceType":"","IsInherited":false},{"PrincipalSID":"COMPANY.LOCAL-S-1-5-32-548","PrincipalType":"Group","RightName":"GenericAll","AceType":"","IsInherited":false},{"PrincipalSID":"S-1-5-21-2028861720-2957989011-300240830-512","PrincipalType":"Group","RightName":"GenericAll","AceType":"","IsInherited":false},{"PrincipalSID":"S-1-5-21-2028861720-2957989011-300240830-1119","PrincipalType":"Group","RightName":"GenericAll","AceType":"","IsInherited":false},{"PrincipalSID":"S-1-5-21-2028861720-2957989011-300240830-1136","PrincipalType":"Group","RightName":"ExtendedRight","AceType":"User-Force-Change-Password","IsInherited":true},{"PrincipalSID":"S-1-5-21-2028861720-2957989011-300240830-1136","PrincipalType":"Group","RightName":"WriteDacl","AceType":"","IsInherited":true},{"PrincipalSID":"S-1-5-21-2028861720-2957989011-300240830-519","PrincipalType":"Group","RightName":"GenericAll","AceType":"","IsInherited":true},{"PrincipalSID":"COMPANY.LOCAL-S-1-5-32-544","PrincipalType":"Group","RightName":"WriteDacl","AceType":"","IsInherited":true},{"PrincipalSID":"COMPANY.LOCAL-S-1-5-32-544","PrincipalType":"Group","RightName":"WriteOwner","AceType":"","IsInherited":true},{"PrincipalSID":"COMPANY.LOCAL-S-1-5-32-544","PrincipalType":"Group","RightName":"ExtendedRight","AceType":"All","IsInherited":true},{"PrincipalSID":"COMPANY.LOCAL-S-1-5-32-544","PrincipalType":"Group","RightName":"GenericWrite","AceType":"","IsInherited":true}]},{"Properties":{"highvalue":false,"name":"SM_467142D5E1B64A819@COMPANY.LOCAL","domain":"COMPANY.LOCAL","objectid":"S-1-5-21-2028861720-2957989011-300240830-1141","distinguishedname":"CN=SystemMailbox{e0dc1c29-89c3-4034-b678-e6c29d823ed9},CN=Users,DC=company,DC=local","description":null,"dontreqpreauth":false,"passwordnotreqd":false,"unconstraineddelegation":false,"sensitive":false,"enabled":false,"pwdneverexpires":false,"lastlogon":-1,"lastlogontimestamp":-1,"pwdlastset":-1,"serviceprincipalnames":[],"hasspn":false,"displayname":"Microsoft Exchange","email":"SystemMailbox{e0dc1c29-89c3-4034-b678-e6c29d823ed9}@company.local","title":null,"homedirectory":null,"userpassword":null,"admincount":false,"sidhistory":[]},"AllowedToDelegate":[],"SPNTargets":[],"PrimaryGroupSid":"S-1-5-21-2028861720-2957989011-300240830-513","HasSIDHistory":[],"ObjectIdentifier":"S-1-5-21-2028861720-2957989011-300240830-1141","Aces":[{"PrincipalSID":"S-1-5-21-2028861720-2957989011-300240830-512","PrincipalType":"Group","RightName":"Owner","AceType":"","IsInherited":false},{"PrincipalSID":"COMPANY.LOCAL-S-1-5-32-548","PrincipalType":"Group","RightName":"GenericAll","AceType":"","IsInherited":false},{"PrincipalSID":"S-1-5-21-2028861720-2957989011-300240830-512","PrincipalType":"Group","RightName":"GenericAll","AceType":"","IsInherited":false},{"PrincipalSID":"S-1-5-21-2028861720-2957989011-300240830-1119","PrincipalType":"Group","RightName":"GenericAll","AceType":"","IsInherited":false},{"PrincipalSID":"S-1-5-21-2028861720-2957989011-300240830-1136","PrincipalType":"Group","RightName":"ExtendedRight","AceType":"User-Force-Change-Password","IsInherited":true},{"PrincipalSID":"S-1-5-21-2028861720-2957989011-300240830-1136","PrincipalType":"Group","RightName":"WriteDacl","AceType":"","IsInherited":true},{"PrincipalSID":"S-1-5-21-2028861720-2957989011-300240830-519","PrincipalType":"Group","RightName":"GenericAll","AceType":"","IsInherited":true},{"PrincipalSID":"COMPANY.LOCAL-S-1-5-32-544","PrincipalType":"Group","RightName":"WriteDacl","AceType":"","IsInherited":true},{"PrincipalSID":"COMPANY.LOCAL-S-1-5-32-544","PrincipalType":"Group","RightName":"WriteOwner","AceType":"","IsInherited":true},{"PrincipalSID":"COMPANY.LOCAL-S-1-5-32-544","PrincipalType":"Group","RightName":"ExtendedRight","AceType":"All","IsInherited":true},{"PrincipalSID":"COMPANY.LOCAL-S-1-5-32-544","PrincipalType":"Group","RightName":"GenericWrite","AceType":"","IsInherited":true}]},{"Properties":{"highvalue":false,"name":"SM_29B64C320E3C44C39@COMPANY.LOCAL","domain":"COMPANY.LOCAL","objectid":"S-1-5-21-2028861720-2957989011-300240830-1143","distinguishedname":"CN=Migration.8f3e7716-2011-43e4-96b1-aba62d229136,CN=Users,DC=company,DC=local","description":null,"dontreqpreauth":false,"passwordnotreqd":false,"unconstraineddelegation":false,"sensitive":false,"enabled":false,"pwdneverexpires":false,"lastlogon":-1,"lastlogontimestamp":-1,"pwdlastset":-1,"serviceprincipalnames":[],"hasspn":false,"displayname":"Microsoft Exchange Migration","email":"Migration.8f3e7716-2011-43e4-96b1-aba62d229136@company.local","title":null,"homedirectory":null,"userpassword":null,"admincount":false,"sidhistory":[]},"AllowedToDelegate":[],"SPNTargets":[],"PrimaryGroupSid":"S-1-5-21-2028861720-2957989011-300240830-513","HasSIDHistory":[],"ObjectIdentifier":"S-1-5-21-2028861720-2957989011-300240830-1143","Aces":[{"PrincipalSID":"S-1-5-21-2028861720-2957989011-300240830-512","PrincipalType":"Group","RightName":"Owner","AceType":"","IsInherited":false},{"PrincipalSID":"COMPANY.LOCAL-S-1-5-32-548","PrincipalType":"Group","RightName":"GenericAll","AceType":"","IsInherited":false},{"PrincipalSID":"S-1-5-21-2028861720-2957989011-300240830-512","PrincipalType":"Group","RightName":"GenericAll","AceType":"","IsInherited":false},{"PrincipalSID":"S-1-5-21-2028861720-2957989011-300240830-1119","PrincipalType":"Group","RightName":"GenericAll","AceType":"","IsInherited":false},{"PrincipalSID":"S-1-5-21-2028861720-2957989011-300240830-1136","PrincipalType":"Group","RightName":"ExtendedRight","AceType":"User-Force-Change-Password","IsInherited":true},{"PrincipalSID":"S-1-5-21-2028861720-2957989011-300240830-1136","PrincipalType":"Group","RightName":"WriteDacl","AceType":"","IsInherited":true},{"PrincipalSID":"S-1-5-21-2028861720-2957989011-300240830-519","PrincipalType":"Group","RightName":"GenericAll","AceType":"","IsInherited":true},{"PrincipalSID":"COMPANY.LOCAL-S-1-5-32-544","PrincipalType":"Group","RightName":"WriteDacl","AceType":"","IsInherited":true},{"PrincipalSID":"COMPANY.LOCAL-S-1-5-32-544","PrincipalType":"Group","RightName":"WriteOwner","AceType":"","IsInherited":true},{"PrincipalSID":"COMPANY.LOCAL-S-1-5-32-544","PrincipalType":"Group","RightName":"ExtendedRight","AceType":"All","IsInherited":true},{"PrincipalSID":"COMPANY.LOCAL-S-1-5-32-544","PrincipalType":"Group","RightName":"GenericWrite","AceType":"","IsInherited":true}]},{"Properties":{"highvalue":false,"name":"SM_6445548B6FC743EFB@COMPANY.LOCAL","domain":"COMPANY.LOCAL","objectid":"S-1-5-21-2028861720-2957989011-300240830-1144","distinguishedname":"CN=FederatedEmail.4c1f4d8b-8179-4148-93bf-00a95fa1e042,CN=Users,DC=company,DC=local","description":null,"dontreqpreauth":false,"passwordnotreqd":false,"unconstraineddelegation":false,"sensitive":false,"enabled":false,"pwdneverexpires":false,"lastlogon":-1,"lastlogontimestamp":-1,"pwdlastset":-1,"serviceprincipalnames":[],"hasspn":false,"displayname":"Microsoft Exchange Federation Mailbox","email":"FederatedEmail.4c1f4d8b-8179-4148-93bf-00a95fa1e042@company.local","title":null,"homedirectory":null,"userpassword":null,"admincount":false,"sidhistory":[]},"AllowedToDelegate":[],"SPNTargets":[],"PrimaryGroupSid":"S-1-5-21-2028861720-2957989011-300240830-513","HasSIDHistory":[],"ObjectIdentifier":"S-1-5-21-2028861720-2957989011-300240830-1144","Aces":[{"PrincipalSID":"S-1-5-21-2028861720-2957989011-300240830-512","PrincipalType":"Group","RightName":"Owner","AceType":"","IsInherited":false},{"PrincipalSID":"COMPANY.LOCAL-S-1-5-32-548","PrincipalType":"Group","RightName":"GenericAll","AceType":"","IsInherited":false},{"PrincipalSID":"S-1-5-21-2028861720-2957989011-300240830-512","PrincipalType":"Group","RightName":"GenericAll","AceType":"","IsInherited":false},{"PrincipalSID":"S-1-5-21-2028861720-2957989011-300240830-1119","PrincipalType":"Group","RightName":"GenericAll","AceType":"","IsInherited":false},{"PrincipalSID":"S-1-5-21-2028861720-2957989011-300240830-1136","PrincipalType":"Group","RightName":"ExtendedRight","AceType":"User-Force-Change-Password","IsInherited":true},{"PrincipalSID":"S-1-5-21-2028861720-2957989011-300240830-1136","PrincipalType":"Group","RightName":"WriteDacl","AceType":"","IsInherited":true},{"PrincipalSID":"S-1-5-21-2028861720-2957989011-300240830-519","PrincipalType":"Group","RightName":"GenericAll","AceType":"","IsInherited":true},{"PrincipalSID":"COMPANY.LOCAL-S-1-5-32-544","PrincipalType":"Group","RightName":"WriteDacl","AceType":"","IsInherited":true},{"PrincipalSID":"COMPANY.LOCAL-S-1-5-32-544","PrincipalType":"Group","RightName":"WriteOwner","AceType":"","IsInherited":true},{"PrincipalSID":"COMPANY.LOCAL-S-1-5-32-544","PrincipalType":"Group","RightName":"ExtendedRight","AceType":"All","IsInherited":true},{"PrincipalSID":"COMPANY.LOCAL-S-1-5-32-544","PrincipalType":"Group","RightName":"GenericWrite","AceType":"","IsInherited":true}]},{"Properties":{"highvalue":false,"name":"SM_4AD29A7F31BC40D69@COMPANY.LOCAL","domain":"COMPANY.LOCAL","objectid":"S-1-5-21-2028861720-2957989011-300240830-1145","distinguishedname":"CN=SystemMailbox{D0E409A0-AF9B-4720-92FE-AAC869B0D201},CN=Users,DC=company,DC=local","description":null,"dontreqpreauth":false,"passwordnotreqd":false,"unconstraineddelegation":false,"sensitive":false,"enabled":false,"pwdneverexpires":false,"lastlogon":-1,"lastlogontimestamp":-1,"pwdlastset":-1,"serviceprincipalnames":[],"hasspn":false,"displayname":"E4E Encryption Store - Active","email":"SystemMailbox{D0E409A0-AF9B-4720-92FE-AAC869B0D201}@company.local","title":null,"homedirectory":null,"userpassword":null,"admincount":false,"sidhistory":[]},"AllowedToDelegate":[],"SPNTargets":[],"PrimaryGroupSid":"S-1-5-21-2028861720-2957989011-300240830-513","HasSIDHistory":[],"ObjectIdentifier":"S-1-5-21-2028861720-2957989011-300240830-1145","Aces":[{"PrincipalSID":"S-1-5-21-2028861720-2957989011-300240830-512","PrincipalType":"Group","RightName":"Owner","AceType":"","IsInherited":false},{"PrincipalSID":"COMPANY.LOCAL-S-1-5-32-548","PrincipalType":"Group","RightName":"GenericAll","AceType":"","IsInherited":false},{"PrincipalSID":"S-1-5-21-2028861720-2957989011-300240830-512","PrincipalType":"Group","RightName":"GenericAll","AceType":"","IsInherited":false},{"PrincipalSID":"S-1-5-21-2028861720-2957989011-300240830-1119","PrincipalType":"Group","RightName":"GenericAll","AceType":"","IsInherited":false},{"PrincipalSID":"S-1-5-21-2028861720-2957989011-300240830-1136","PrincipalType":"Group","RightName":"ExtendedRight","AceType":"User-Force-Change-Password","IsInherited":true},{"PrincipalSID":"S-1-5-21-2028861720-2957989011-300240830-1136","PrincipalType":"Group","RightName":"WriteDacl","AceType":"","IsInherited":true},{"PrincipalSID":"S-1-5-21-2028861720-2957989011-300240830-519","PrincipalType":"Group","RightName":"GenericAll","AceType":"","IsInherited":true},{"PrincipalSID":"COMPANY.LOCAL-S-1-5-32-544","PrincipalType":"Group","RightName":"WriteDacl","AceType":"","IsInherited":true},{"PrincipalSID":"COMPANY.LOCAL-S-1-5-32-544","PrincipalType":"Group","RightName":"WriteOwner","AceType":"","IsInherited":true},{"PrincipalSID":"COMPANY.LOCAL-S-1-5-32-544","PrincipalType":"Group","RightName":"ExtendedRight","AceType":"All","IsInherited":true},{"PrincipalSID":"COMPANY.LOCAL-S-1-5-32-544","PrincipalType":"Group","RightName":"GenericWrite","AceType":"","IsInherited":true}]},{"Properties":{"highvalue":false,"name":"SM_9BBD3942D4A74D4DA@COMPANY.LOCAL","domain":"COMPANY.LOCAL","objectid":"S-1-5-21-2028861720-2957989011-300240830-1142","distinguishedname":"CN=DiscoverySearchMailbox {D919BA05-46A6-415f-80AD-7E09334BB852},CN=Users,DC=company,DC=local","description":null,"dontreqpreauth":false,"passwordnotreqd":false,"unconstraineddelegation":false,"sensitive":false,"enabled":false,"pwdneverexpires":false,"lastlogon":-1,"lastlogontimestamp":-1,"pwdlastset":-1,"serviceprincipalnames":[],"hasspn":false,"displayname":"Discovery Search Mailbox","email":"DiscoverySearchMailbox{D919BA05-46A6-415f-80AD-7E09334BB852}@company.local","title":null,"homedirectory":null,"userpassword":null,"admincount":false,"sidhistory":[]},"AllowedToDelegate":[],"SPNTargets":[],"PrimaryGroupSid":"S-1-5-21-2028861720-2957989011-300240830-513","HasSIDHistory":[],"ObjectIdentifier":"S-1-5-21-2028861720-2957989011-300240830-1142","Aces":[{"PrincipalSID":"S-1-5-21-2028861720-2957989011-300240830-512","PrincipalType":"Group","RightName":"Owner","AceType":"","IsInherited":false},{"PrincipalSID":"COMPANY.LOCAL-S-1-5-32-548","PrincipalType":"Group","RightName":"GenericAll","AceType":"","IsInherited":false},{"PrincipalSID":"S-1-5-21-2028861720-2957989011-300240830-512","PrincipalType":"Group","RightName":"GenericAll","AceType":"","IsInherited":false},{"PrincipalSID":"S-1-5-21-2028861720-2957989011-300240830-1119","PrincipalType":"Group","RightName":"GenericAll","AceType":"","IsInherited":false},{"PrincipalSID":"S-1-5-21-2028861720-2957989011-300240830-1136","PrincipalType":"Group","RightName":"ExtendedRight","AceType":"User-Force-Change-Password","IsInherited":true},{"PrincipalSID":"S-1-5-21-2028861720-2957989011-300240830-1136","PrincipalType":"Group","RightName":"WriteDacl","AceType":"","IsInherited":true},{"PrincipalSID":"S-1-5-21-2028861720-2957989011-300240830-519","PrincipalType":"Group","RightName":"GenericAll","AceType":"","IsInherited":true},{"PrincipalSID":"COMPANY.LOCAL-S-1-5-32-544","PrincipalType":"Group","RightName":"WriteDacl","AceType":"","IsInherited":true},{"PrincipalSID":"COMPANY.LOCAL-S-1-5-32-544","PrincipalType":"Group","RightName":"WriteOwner","AceType":"","IsInherited":true},{"PrincipalSID":"COMPANY.LOCAL-S-1-5-32-544","PrincipalType":"Group","RightName":"ExtendedRight","AceType":"All","IsInherited":true},{"PrincipalSID":"COMPANY.LOCAL-S-1-5-32-544","PrincipalType":"Group","RightName":"GenericWrite","AceType":"","IsInherited":true}]},{"Properties":{"highvalue":false,"name":"SM_ACA3D074C3EE4CB58@COMPANY.LOCAL","domain":"COMPANY.LOCAL","objectid":"S-1-5-21-2028861720-2957989011-300240830-1147","distinguishedname":"CN=SystemMailbox{8cc370d3-822a-4ab8-a926-bb94bd0641a9},CN=Users,DC=company,DC=local","description":null,"dontreqpreauth":false,"passwordnotreqd":false,"unconstraineddelegation":false,"sensitive":false,"enabled":false,"pwdneverexpires":false,"lastlogon":-1,"lastlogontimestamp":-1,"pwdlastset":-1,"serviceprincipalnames":[],"hasspn":false,"displayname":"SystemMailbox{8cc370d3-822a-4ab8-a926-bb94bd0641a9}","email":"SystemMailbox{8cc370d3-822a-4ab8-a926-bb94bd0641a9}@company.local","title":null,"homedirectory":null,"userpassword":null,"admincount":false,"sidhistory":[]},"AllowedToDelegate":[],"SPNTargets":[],"PrimaryGroupSid":"S-1-5-21-2028861720-2957989011-300240830-513","HasSIDHistory":[],"ObjectIdentifier":"S-1-5-21-2028861720-2957989011-300240830-1147","Aces":[{"PrincipalSID":"S-1-5-21-2028861720-2957989011-300240830-512","PrincipalType":"Group","RightName":"Owner","AceType":"","IsInherited":false},{"PrincipalSID":"COMPANY.LOCAL-S-1-5-32-548","PrincipalType":"Group","RightName":"GenericAll","AceType":"","IsInherited":false},{"PrincipalSID":"S-1-5-21-2028861720-2957989011-300240830-512","PrincipalType":"Group","RightName":"GenericAll","AceType":"","IsInherited":false},{"PrincipalSID":"S-1-5-21-2028861720-2957989011-300240830-1119","PrincipalType":"Group","RightName":"GenericAll","AceType":"","IsInherited":false},{"PrincipalSID":"S-1-5-21-2028861720-2957989011-300240830-1136","PrincipalType":"Group","RightName":"ExtendedRight","AceType":"User-Force-Change-Password","IsInherited":true},{"PrincipalSID":"S-1-5-21-2028861720-2957989011-300240830-1136","PrincipalType":"Group","RightName":"WriteDacl","AceType":"","IsInherited":true},{"PrincipalSID":"S-1-5-21-2028861720-2957989011-300240830-519","PrincipalType":"Group","RightName":"GenericAll","AceType":"","IsInherited":true},{"PrincipalSID":"COMPANY.LOCAL-S-1-5-32-544","PrincipalType":"Group","RightName":"WriteDacl","AceType":"","IsInherited":true},{"PrincipalSID":"COMPANY.LOCAL-S-1-5-32-544","PrincipalType":"Group","RightName":"WriteOwner","AceType":"","IsInherited":true},{"PrincipalSID":"COMPANY.LOCAL-S-1-5-32-544","PrincipalType":"Group","RightName":"ExtendedRight","AceType":"All","IsInherited":true},{"PrincipalSID":"COMPANY.LOCAL-S-1-5-32-544","PrincipalType":"Group","RightName":"GenericWrite","AceType":"","IsInherited":true}]},{"Properties":{"highvalue":false,"name":"HEALTHMAILBOXA8DA771@COMPANY.LOCAL","domain":"COMPANY.LOCAL","objectid":"S-1-5-21-2028861720-2957989011-300240830-1149","distinguishedname":"CN=HealthMailboxa8da7715edf34f80813dd00c4a39e9c9,CN=Monitoring Mailboxes,CN=Microsoft Exchange System Objects,DC=company,DC=local","description":null,"dontreqpreauth":false,"passwordnotreqd":false,"unconstraineddelegation":false,"sensitive":false,"enabled":true,"pwdneverexpires":true,"lastlogon":1646879440,"lastlogontimestamp":1646742851,"pwdlastset":1646488768,"serviceprincipalnames":[],"hasspn":false,"displayname":"HealthMailbox-mx1-Mailbox-Database-1457612535","email":"HealthMailboxa8da7715edf34f80813dd00c4a39e9c9@aram.loc","title":null,"homedirectory":null,"userpassword":null,"admincount":false,"sidhistory":[]},"AllowedToDelegate":[],"SPNTargets":[],"PrimaryGroupSid":"S-1-5-21-2028861720-2957989011-300240830-513","HasSIDHistory":[],"ObjectIdentifier":"S-1-5-21-2028861720-2957989011-300240830-1149","Aces":[{"PrincipalSID":"S-1-5-21-2028861720-2957989011-300240830-1118","PrincipalType":"Computer","RightName":"Owner","AceType":"","IsInherited":false},{"PrincipalSID":"COMPANY.LOCAL-S-1-5-32-548","PrincipalType":"Group","RightName":"GenericAll","AceType":"","IsInherited":false},{"PrincipalSID":"S-1-5-21-2028861720-2957989011-300240830-512","PrincipalType":"Group","RightName":"GenericAll","AceType":"","IsInherited":false},{"PrincipalSID":"S-1-5-21-2028861720-2957989011-300240830-1133","PrincipalType":"Group","RightName":"ExtendedRight","AceType":"User-Force-Change-Password","IsInherited":true},{"PrincipalSID":"S-1-5-21-2028861720-2957989011-300240830-1119","PrincipalType":"Group","RightName":"GenericWrite","AceType":"","IsInherited":true},{"PrincipalSID":"S-1-5-21-2028861720-2957989011-300240830-1133","PrincipalType":"Group","RightName":"GenericWrite","AceType":"","IsInherited":true},{"PrincipalSID":"S-1-5-21-2028861720-2957989011-300240830-1136","PrincipalType":"Group","RightName":"ExtendedRight","AceType":"User-Force-Change-Password","IsInherited":true},{"PrincipalSID":"S-1-5-21-2028861720-2957989011-300240830-1136","PrincipalType":"Group","RightName":"WriteDacl","AceType":"","IsInherited":true},{"PrincipalSID":"S-1-5-21-2028861720-2957989011-300240830-519","PrincipalType":"Group","RightName":"GenericAll","AceType":"","IsInherited":true},{"PrincipalSID":"COMPANY.LOCAL-S-1-5-32-544","PrincipalType":"Group","RightName":"WriteDacl","AceType":"","IsInherited":true},{"PrincipalSID":"COMPANY.LOCAL-S-1-5-32-544","PrincipalType":"Group","RightName":"WriteOwner","AceType":"","IsInherited":true},{"PrincipalSID":"COMPANY.LOCAL-S-1-5-32-544","PrincipalType":"Group","RightName":"ExtendedRight","AceType":"All","IsInherited":true},{"PrincipalSID":"COMPANY.LOCAL-S-1-5-32-544","PrincipalType":"Group","RightName":"GenericWrite","AceType":"","IsInherited":true}]},{"Properties":{"highvalue":false,"name":"HEALTHMAILBOX7A5A876@COMPANY.LOCAL","domain":"COMPANY.LOCAL","objectid":"S-1-5-21-2028861720-2957989011-300240830-1150","distinguishedname":"CN=HealthMailbox7a5a876c9bc2408c8a93c0a50419c32e,CN=Monitoring Mailboxes,CN=Microsoft Exchange System Objects,DC=company,DC=local","description":null,"dontreqpreauth":false,"passwordnotreqd":false,"unconstraineddelegation":false,"sensitive":false,"enabled":true,"pwdneverexpires":true,"lastlogon":1646879345,"lastlogontimestamp":1646741540,"pwdlastset":1646488772,"serviceprincipalnames":[],"hasspn":false,"displayname":"HealthMailbox-mx1-001","email":"HealthMailbox7a5a876c9bc2408c8a93c0a50419c32e@company.local","title":null,"homedirectory":null,"userpassword":null,"admincount":false,"sidhistory":[]},"AllowedToDelegate":[],"SPNTargets":[],"PrimaryGroupSid":"S-1-5-21-2028861720-2957989011-300240830-513","HasSIDHistory":[],"ObjectIdentifier":"S-1-5-21-2028861720-2957989011-300240830-1150","Aces":[{"PrincipalSID":"S-1-5-21-2028861720-2957989011-300240830-1118","PrincipalType":"Computer","RightName":"Owner","AceType":"","IsInherited":false},{"PrincipalSID":"COMPANY.LOCAL-S-1-5-32-548","PrincipalType":"Group","RightName":"GenericAll","AceType":"","IsInherited":false},{"PrincipalSID":"S-1-5-21-2028861720-2957989011-300240830-512","PrincipalType":"Group","RightName":"GenericAll","AceType":"","IsInherited":false},{"PrincipalSID":"S-1-5-21-2028861720-2957989011-300240830-1133","PrincipalType":"Group","RightName":"ExtendedRight","AceType":"User-Force-Change-Password","IsInherited":true},{"PrincipalSID":"S-1-5-21-2028861720-2957989011-300240830-1119","PrincipalType":"Group","RightName":"GenericWrite","AceType":"","IsInherited":true},{"PrincipalSID":"S-1-5-21-2028861720-2957989011-300240830-1133","PrincipalType":"Group","RightName":"GenericWrite","AceType":"","IsInherited":true},{"PrincipalSID":"S-1-5-21-2028861720-2957989011-300240830-1136","PrincipalType":"Group","RightName":"ExtendedRight","AceType":"User-Force-Change-Password","IsInherited":true},{"PrincipalSID":"S-1-5-21-2028861720-2957989011-300240830-1136","PrincipalType":"Group","RightName":"WriteDacl","AceType":"","IsInherited":true},{"PrincipalSID":"S-1-5-21-2028861720-2957989011-300240830-519","PrincipalType":"Group","RightName":"GenericAll","AceType":"","IsInherited":true},{"PrincipalSID":"COMPANY.LOCAL-S-1-5-32-544","PrincipalType":"Group","RightName":"WriteDacl","AceType":"","IsInherited":true},{"PrincipalSID":"COMPANY.LOCAL-S-1-5-32-544","PrincipalType":"Group","RightName":"WriteOwner","AceType":"","IsInherited":true},{"PrincipalSID":"COMPANY.LOCAL-S-1-5-32-544","PrincipalType":"Group","RightName":"ExtendedRight","AceType":"All","IsInherited":true},{"PrincipalSID":"COMPANY.LOCAL-S-1-5-32-544","PrincipalType":"Group","RightName":"GenericWrite","AceType":"","IsInherited":true}]},{"Properties":{"highvalue":false,"name":"HEALTHMAILBOX3D081BF@COMPANY.LOCAL","domain":"COMPANY.LOCAL","objectid":"S-1-5-21-2028861720-2957989011-300240830-1151","distinguishedname":"CN=HealthMailbox3d081bf327634a088da4dd440d0ecec5,CN=Monitoring Mailboxes,CN=Microsoft Exchange System Objects,DC=company,DC=local","description":null,"dontreqpreauth":false,"passwordnotreqd":false,"unconstraineddelegation":false,"sensitive":false,"enabled":true,"pwdneverexpires":true,"lastlogon":-1,"lastlogontimestamp":-1,"pwdlastset":1645013239,"serviceprincipalnames":[],"hasspn":false,"displayname":"HealthMailbox-mx1-002","email":"HealthMailbox3d081bf327634a088da4dd440d0ecec5@company.local","title":null,"homedirectory":null,"userpassword":null,"admincount":false,"sidhistory":[]},"AllowedToDelegate":[],"SPNTargets":[],"PrimaryGroupSid":"S-1-5-21-2028861720-2957989011-300240830-513","HasSIDHistory":[],"ObjectIdentifier":"S-1-5-21-2028861720-2957989011-300240830-1151","Aces":[{"PrincipalSID":"S-1-5-21-2028861720-2957989011-300240830-1118","PrincipalType":"Computer","RightName":"Owner","AceType":"","IsInherited":false},{"PrincipalSID":"COMPANY.LOCAL-S-1-5-32-548","PrincipalType":"Group","RightName":"GenericAll","AceType":"","IsInherited":false},{"PrincipalSID":"S-1-5-21-2028861720-2957989011-300240830-512","PrincipalType":"Group","RightName":"GenericAll","AceType":"","IsInherited":false},{"PrincipalSID":"S-1-5-21-2028861720-2957989011-300240830-1133","PrincipalType":"Group","RightName":"ExtendedRight","AceType":"User-Force-Change-Password","IsInherited":true},{"PrincipalSID":"S-1-5-21-2028861720-2957989011-300240830-1119","PrincipalType":"Group","RightName":"GenericWrite","AceType":"","IsInherited":true},{"PrincipalSID":"S-1-5-21-2028861720-2957989011-300240830-1133","PrincipalType":"Group","RightName":"GenericWrite","AceType":"","IsInherited":true},{"PrincipalSID":"S-1-5-21-2028861720-2957989011-300240830-1136","PrincipalType":"Group","RightName":"ExtendedRight","AceType":"User-Force-Change-Password","IsInherited":true},{"PrincipalSID":"S-1-5-21-2028861720-2957989011-300240830-1136","PrincipalType":"Group","RightName":"WriteDacl","AceType":"","IsInherited":true},{"PrincipalSID":"S-1-5-21-2028861720-2957989011-300240830-519","PrincipalType":"Group","RightName":"GenericAll","AceType":"","IsInherited":true},{"PrincipalSID":"COMPANY.LOCAL-S-1-5-32-544","PrincipalType":"Group","RightName":"WriteDacl","AceType":"","IsInherited":true},{"PrincipalSID":"COMPANY.LOCAL-S-1-5-32-544","PrincipalType":"Group","RightName":"WriteOwner","AceType":"","IsInherited":true},{"PrincipalSID":"COMPANY.LOCAL-S-1-5-32-544","PrincipalType":"Group","RightName":"ExtendedRight","AceType":"All","IsInherited":true},{"PrincipalSID":"COMPANY.LOCAL-S-1-5-32-544","PrincipalType":"Group","RightName":"GenericWrite","AceType":"","IsInherited":true}]},{"Properties":{"highvalue":false,"name":"SM_256C0EDA4FE448D38@COMPANY.LOCAL","domain":"COMPANY.LOCAL","objectid":"S-1-5-21-2028861720-2957989011-300240830-1146","distinguishedname":"CN=SystemMailbox{2CE34405-31BE-455D-89D7-A7C7DA7A0DAA},CN=Users,DC=company,DC=local","description":null,"dontreqpreauth":false,"passwordnotreqd":false,"unconstraineddelegation":false,"sensitive":false,"enabled":false,"pwdneverexpires":false,"lastlogon":-1,"lastlogontimestamp":-1,"pwdlastset":-1,"serviceprincipalnames":[],"hasspn":false,"displayname":"Microsoft Exchange","email":"SystemMailbox{2CE34405-31BE-455D-89D7-A7C7DA7A0DAA}@company.local","title":null,"homedirectory":null,"userpassword":null,"admincount":false,"sidhistory":[]},"AllowedToDelegate":[],"SPNTargets":[],"PrimaryGroupSid":"S-1-5-21-2028861720-2957989011-300240830-513","HasSIDHistory":[],"ObjectIdentifier":"S-1-5-21-2028861720-2957989011-300240830-1146","Aces":[{"PrincipalSID":"S-1-5-21-2028861720-2957989011-300240830-512","PrincipalType":"Group","RightName":"Owner","AceType":"","IsInherited":false},{"PrincipalSID":"COMPANY.LOCAL-S-1-5-32-548","PrincipalType":"Group","RightName":"GenericAll","AceType":"","IsInherited":false},{"PrincipalSID":"S-1-5-21-2028861720-2957989011-300240830-512","PrincipalType":"Group","RightName":"GenericAll","AceType":"","IsInherited":false},{"PrincipalSID":"S-1-5-21-2028861720-2957989011-300240830-1119","PrincipalType":"Group","RightName":"GenericAll","AceType":"","IsInherited":false},{"PrincipalSID":"S-1-5-21-2028861720-2957989011-300240830-1136","PrincipalType":"Group","RightName":"ExtendedRight","AceType":"User-Force-Change-Password","IsInherited":true},{"PrincipalSID":"S-1-5-21-2028861720-2957989011-300240830-1136","PrincipalType":"Group","RightName":"WriteDacl","AceType":"","IsInherited":true},{"PrincipalSID":"S-1-5-21-2028861720-2957989011-300240830-519","PrincipalType":"Group","RightName":"GenericAll","AceType":"","IsInherited":true},{"PrincipalSID":"COMPANY.LOCAL-S-1-5-32-544","PrincipalType":"Group","RightName":"WriteDacl","AceType":"","IsInherited":true},{"PrincipalSID":"COMPANY.LOCAL-S-1-5-32-544","PrincipalType":"Group","RightName":"WriteOwner","AceType":"","IsInherited":true},{"PrincipalSID":"COMPANY.LOCAL-S-1-5-32-544","PrincipalType":"Group","RightName":"ExtendedRight","AceType":"All","IsInherited":true},{"PrincipalSID":"COMPANY.LOCAL-S-1-5-32-544","PrincipalType":"Group","RightName":"GenericWrite","AceType":"","IsInherited":true}]},{"Properties":{"highvalue":false,"name":"HEALTHMAILBOX4C005B3@COMPANY.LOCAL","domain":"COMPANY.LOCAL","objectid":"S-1-5-21-2028861720-2957989011-300240830-1603","distinguishedname":"CN=HealthMailbox4c005b3520b743d1b544b18bd5e95fcd,CN=Monitoring Mailboxes,CN=Microsoft Exchange System Objects,DC=company,DC=local","description":null,"dontreqpreauth":false,"passwordnotreqd":false,"unconstraineddelegation":false,"sensitive":false,"enabled":true,"pwdneverexpires":true,"lastlogon":-1,"lastlogontimestamp":-1,"pwdlastset":1645013251,"serviceprincipalnames":[],"hasspn":false,"displayname":"HealthMailbox-mx1-003","email":"HealthMailbox4c005b3520b743d1b544b18bd5e95fcd@company.local","title":null,"homedirectory":null,"userpassword":null,"admincount":false,"sidhistory":[]},"AllowedToDelegate":[],"SPNTargets":[],"PrimaryGroupSid":"S-1-5-21-2028861720-2957989011-300240830-513","HasSIDHistory":[],"ObjectIdentifier":"S-1-5-21-2028861720-2957989011-300240830-1603","Aces":[{"PrincipalSID":"S-1-5-21-2028861720-2957989011-300240830-1118","PrincipalType":"Computer","RightName":"Owner","AceType":"","IsInherited":false},{"PrincipalSID":"COMPANY.LOCAL-S-1-5-32-548","PrincipalType":"Group","RightName":"GenericAll","AceType":"","IsInherited":false},{"PrincipalSID":"S-1-5-21-2028861720-2957989011-300240830-512","PrincipalType":"Group","RightName":"GenericAll","AceType":"","IsInherited":false},{"PrincipalSID":"S-1-5-21-2028861720-2957989011-300240830-1133","PrincipalType":"Group","RightName":"ExtendedRight","AceType":"User-Force-Change-Password","IsInherited":true},{"PrincipalSID":"S-1-5-21-2028861720-2957989011-300240830-1119","PrincipalType":"Group","RightName":"GenericWrite","AceType":"","IsInherited":true},{"PrincipalSID":"S-1-5-21-2028861720-2957989011-300240830-1133","PrincipalType":"Group","RightName":"GenericWrite","AceType":"","IsInherited":true},{"PrincipalSID":"S-1-5-21-2028861720-2957989011-300240830-1136","PrincipalType":"Group","RightName":"ExtendedRight","AceType":"User-Force-Change-Password","IsInherited":true},{"PrincipalSID":"S-1-5-21-2028861720-2957989011-300240830-1136","PrincipalType":"Group","RightName":"WriteDacl","AceType":"","IsInherited":true},{"PrincipalSID":"S-1-5-21-2028861720-2957989011-300240830-519","PrincipalType":"Group","RightName":"GenericAll","AceType":"","IsInherited":true},{"PrincipalSID":"COMPANY.LOCAL-S-1-5-32-544","PrincipalType":"Group","RightName":"WriteDacl","AceType":"","IsInherited":true},{"PrincipalSID":"COMPANY.LOCAL-S-1-5-32-544","PrincipalType":"Group","RightName":"WriteOwner","AceType":"","IsInherited":true},{"PrincipalSID":"COMPANY.LOCAL-S-1-5-32-544","PrincipalType":"Group","RightName":"ExtendedRight","AceType":"All","IsInherited":true},{"PrincipalSID":"COMPANY.LOCAL-S-1-5-32-544","PrincipalType":"Group","RightName":"GenericWrite","AceType":"","IsInherited":true}]},{"Properties":{"highvalue":false,"name":"HEALTHMAILBOXED2F20F@COMPANY.LOCAL","domain":"COMPANY.LOCAL","objectid":"S-1-5-21-2028861720-2957989011-300240830-1152","distinguishedname":"CN=HealthMailboxed2f20f937be438284d77cad7d59659c,CN=Monitoring Mailboxes,CN=Microsoft Exchange System Objects,DC=company,DC=local","description":null,"dontreqpreauth":false,"passwordnotreqd":false,"unconstraineddelegation":false,"sensitive":false,"enabled":true,"pwdneverexpires":true,"lastlogon":-1,"lastlogontimestamp":-1,"pwdlastset":1645013263,"serviceprincipalnames":[],"hasspn":false,"displayname":"HealthMailbox-mx1-004","email":"HealthMailboxed2f20f937be438284d77cad7d59659c@company.local","title":null,"homedirectory":null,"userpassword":null,"admincount":false,"sidhistory":[]},"AllowedToDelegate":[],"SPNTargets":[],"PrimaryGroupSid":"S-1-5-21-2028861720-2957989011-300240830-513","HasSIDHistory":[],"ObjectIdentifier":"S-1-5-21-2028861720-2957989011-300240830-1152","Aces":[{"PrincipalSID":"S-1-5-21-2028861720-2957989011-300240830-1118","PrincipalType":"Computer","RightName":"Owner","AceType":"","IsInherited":false},{"PrincipalSID":"COMPANY.LOCAL-S-1-5-32-548","PrincipalType":"Group","RightName":"GenericAll","AceType":"","IsInherited":false},{"PrincipalSID":"S-1-5-21-2028861720-2957989011-300240830-512","PrincipalType":"Group","RightName":"GenericAll","AceType":"","IsInherited":false},{"PrincipalSID":"S-1-5-21-2028861720-2957989011-300240830-1133","PrincipalType":"Group","RightName":"ExtendedRight","AceType":"User-Force-Change-Password","IsInherited":true},{"PrincipalSID":"S-1-5-21-2028861720-2957989011-300240830-1119","PrincipalType":"Group","RightName":"GenericWrite","AceType":"","IsInherited":true},{"PrincipalSID":"S-1-5-21-2028861720-2957989011-300240830-1133","PrincipalType":"Group","RightName":"GenericWrite","AceType":"","IsInherited":true},{"PrincipalSID":"S-1-5-21-2028861720-2957989011-300240830-1136","PrincipalType":"Group","RightName":"ExtendedRight","AceType":"User-Force-Change-Password","IsInherited":true},{"PrincipalSID":"S-1-5-21-2028861720-2957989011-300240830-1136","PrincipalType":"Group","RightName":"WriteDacl","AceType":"","IsInherited":true},{"PrincipalSID":"S-1-5-21-2028861720-2957989011-300240830-519","PrincipalType":"Group","RightName":"GenericAll","AceType":"","IsInherited":true},{"PrincipalSID":"COMPANY.LOCAL-S-1-5-32-544","PrincipalType":"Group","RightName":"WriteDacl","AceType":"","IsInherited":true},{"PrincipalSID":"COMPANY.LOCAL-S-1-5-32-544","PrincipalType":"Group","RightName":"WriteOwner","AceType":"","IsInherited":true},{"PrincipalSID":"COMPANY.LOCAL-S-1-5-32-544","PrincipalType":"Group","RightName":"ExtendedRight","AceType":"All","IsInherited":true},{"PrincipalSID":"COMPANY.LOCAL-S-1-5-32-544","PrincipalType":"Group","RightName":"GenericWrite","AceType":"","IsInherited":true}]},{"Properties":{"highvalue":false,"name":"HEALTHMAILBOX41AB8BA@COMPANY.LOCAL","domain":"COMPANY.LOCAL","objectid":"S-1-5-21-2028861720-2957989011-300240830-1154","distinguishedname":"CN=HealthMailbox41ab8ba926fc4481a4337a35e1cf6c0e,CN=Monitoring Mailboxes,CN=Microsoft Exchange System Objects,DC=company,DC=local","description":null,"dontreqpreauth":false,"passwordnotreqd":false,"unconstraineddelegation":false,"sensitive":false,"enabled":true,"pwdneverexpires":true,"lastlogon":-1,"lastlogontimestamp":-1,"pwdlastset":1645013287,"serviceprincipalnames":[],"hasspn":false,"displayname":"HealthMailbox-mx1-006","email":"HealthMailbox41ab8ba926fc4481a4337a35e1cf6c0e@company.local","title":null,"homedirectory":null,"userpassword":null,"admincount":false,"sidhistory":[]},"AllowedToDelegate":[],"SPNTargets":[],"PrimaryGroupSid":"S-1-5-21-2028861720-2957989011-300240830-513","HasSIDHistory":[],"ObjectIdentifier":"S-1-5-21-2028861720-2957989011-300240830-1154","Aces":[{"PrincipalSID":"S-1-5-21-2028861720-2957989011-300240830-1118","PrincipalType":"Computer","RightName":"Owner","AceType":"","IsInherited":false},{"PrincipalSID":"COMPANY.LOCAL-S-1-5-32-548","PrincipalType":"Group","RightName":"GenericAll","AceType":"","IsInherited":false},{"PrincipalSID":"S-1-5-21-2028861720-2957989011-300240830-512","PrincipalType":"Group","RightName":"GenericAll","AceType":"","IsInherited":false},{"PrincipalSID":"S-1-5-21-2028861720-2957989011-300240830-1133","PrincipalType":"Group","RightName":"ExtendedRight","AceType":"User-Force-Change-Password","IsInherited":true},{"PrincipalSID":"S-1-5-21-2028861720-2957989011-300240830-1119","PrincipalType":"Group","RightName":"GenericWrite","AceType":"","IsInherited":true},{"PrincipalSID":"S-1-5-21-2028861720-2957989011-300240830-1133","PrincipalType":"Group","RightName":"GenericWrite","AceType":"","IsInherited":true},{"PrincipalSID":"S-1-5-21-2028861720-2957989011-300240830-1136","PrincipalType":"Group","RightName":"ExtendedRight","AceType":"User-Force-Change-Password","IsInherited":true},{"PrincipalSID":"S-1-5-21-2028861720-2957989011-300240830-1136","PrincipalType":"Group","RightName":"WriteDacl","AceType":"","IsInherited":true},{"PrincipalSID":"S-1-5-21-2028861720-2957989011-300240830-519","PrincipalType":"Group","RightName":"GenericAll","AceType":"","IsInherited":true},{"PrincipalSID":"COMPANY.LOCAL-S-1-5-32-544","PrincipalType":"Group","RightName":"WriteDacl","AceType":"","IsInherited":true},{"PrincipalSID":"COMPANY.LOCAL-S-1-5-32-544","PrincipalType":"Group","RightName":"WriteOwner","AceType":"","IsInherited":true},{"PrincipalSID":"COMPANY.LOCAL-S-1-5-32-544","PrincipalType":"Group","RightName":"ExtendedRight","AceType":"All","IsInherited":true},{"PrincipalSID":"COMPANY.LOCAL-S-1-5-32-544","PrincipalType":"Group","RightName":"GenericWrite","AceType":"","IsInherited":true}]},{"Properties":{"highvalue":false,"name":"HEALTHMAILBOXB577A11@COMPANY.LOCAL","domain":"COMPANY.LOCAL","objectid":"S-1-5-21-2028861720-2957989011-300240830-1153","distinguishedname":"CN=HealthMailboxb577a11dc99f40a2ab6ff47a7829cd3e,CN=Monitoring Mailboxes,CN=Microsoft Exchange System Objects,DC=company,DC=local","description":null,"dontreqpreauth":false,"passwordnotreqd":false,"unconstraineddelegation":false,"sensitive":false,"enabled":true,"pwdneverexpires":true,"lastlogon":-1,"lastlogontimestamp":-1,"pwdlastset":1645013275,"serviceprincipalnames":[],"hasspn":false,"displayname":"HealthMailbox-mx1-005","email":"HealthMailboxb577a11dc99f40a2ab6ff47a7829cd3e@company.local","title":null,"homedirectory":null,"userpassword":null,"admincount":false,"sidhistory":[]},"AllowedToDelegate":[],"SPNTargets":[],"PrimaryGroupSid":"S-1-5-21-2028861720-2957989011-300240830-513","HasSIDHistory":[],"ObjectIdentifier":"S-1-5-21-2028861720-2957989011-300240830-1153","Aces":[{"PrincipalSID":"S-1-5-21-2028861720-2957989011-300240830-1118","PrincipalType":"Computer","RightName":"Owner","AceType":"","IsInherited":false},{"PrincipalSID":"COMPANY.LOCAL-S-1-5-32-548","PrincipalType":"Group","RightName":"GenericAll","AceType":"","IsInherited":false},{"PrincipalSID":"S-1-5-21-2028861720-2957989011-300240830-512","PrincipalType":"Group","RightName":"GenericAll","AceType":"","IsInherited":false},{"PrincipalSID":"S-1-5-21-2028861720-2957989011-300240830-1133","PrincipalType":"Group","RightName":"ExtendedRight","AceType":"User-Force-Change-Password","IsInherited":true},{"PrincipalSID":"S-1-5-21-2028861720-2957989011-300240830-1119","PrincipalType":"Group","RightName":"GenericWrite","AceType":"","IsInherited":true},{"PrincipalSID":"S-1-5-21-2028861720-2957989011-300240830-1133","PrincipalType":"Group","RightName":"GenericWrite","AceType":"","IsInherited":true},{"PrincipalSID":"S-1-5-21-2028861720-2957989011-300240830-1136","PrincipalType":"Group","RightName":"ExtendedRight","AceType":"User-Force-Change-Password","IsInherited":true},{"PrincipalSID":"S-1-5-21-2028861720-2957989011-300240830-1136","PrincipalType":"Group","RightName":"WriteDacl","AceType":"","IsInherited":true},{"PrincipalSID":"S-1-5-21-2028861720-2957989011-300240830-519","PrincipalType":"Group","RightName":"GenericAll","AceType":"","IsInherited":true},{"PrincipalSID":"COMPANY.LOCAL-S-1-5-32-544","PrincipalType":"Group","RightName":"WriteDacl","AceType":"","IsInherited":true},{"PrincipalSID":"COMPANY.LOCAL-S-1-5-32-544","PrincipalType":"Group","RightName":"WriteOwner","AceType":"","IsInherited":true},{"PrincipalSID":"COMPANY.LOCAL-S-1-5-32-544","PrincipalType":"Group","RightName":"ExtendedRight","AceType":"All","IsInherited":true},{"PrincipalSID":"COMPANY.LOCAL-S-1-5-32-544","PrincipalType":"Group","RightName":"GenericWrite","AceType":"","IsInherited":true}]},{"Properties":{"highvalue":false,"name":"HEALTHMAILBOX50A928A@COMPANY.LOCAL","domain":"COMPANY.LOCAL","objectid":"S-1-5-21-2028861720-2957989011-300240830-1156","distinguishedname":"CN=HealthMailbox50a928adde53462daeb913eba5bb6f06,CN=Monitoring Mailboxes,CN=Microsoft Exchange System Objects,DC=company,DC=local","description":null,"dontreqpreauth":false,"passwordnotreqd":false,"unconstraineddelegation":false,"sensitive":false,"enabled":true,"pwdneverexpires":true,"lastlogon":-1,"lastlogontimestamp":-1,"pwdlastset":1645013313,"serviceprincipalnames":[],"hasspn":false,"displayname":"HealthMailbox-mx1-008","email":"HealthMailbox50a928adde53462daeb913eba5bb6f06@company.local","title":null,"homedirectory":null,"userpassword":null,"admincount":false,"sidhistory":[]},"AllowedToDelegate":[],"SPNTargets":[],"PrimaryGroupSid":"S-1-5-21-2028861720-2957989011-300240830-513","HasSIDHistory":[],"ObjectIdentifier":"S-1-5-21-2028861720-2957989011-300240830-1156","Aces":[{"PrincipalSID":"S-1-5-21-2028861720-2957989011-300240830-1118","PrincipalType":"Computer","RightName":"Owner","AceType":"","IsInherited":false},{"PrincipalSID":"COMPANY.LOCAL-S-1-5-32-548","PrincipalType":"Group","RightName":"GenericAll","AceType":"","IsInherited":false},{"PrincipalSID":"S-1-5-21-2028861720-2957989011-300240830-512","PrincipalType":"Group","RightName":"GenericAll","AceType":"","IsInherited":false},{"PrincipalSID":"S-1-5-21-2028861720-2957989011-300240830-1133","PrincipalType":"Group","RightName":"ExtendedRight","AceType":"User-Force-Change-Password","IsInherited":true},{"PrincipalSID":"S-1-5-21-2028861720-2957989011-300240830-1119","PrincipalType":"Group","RightName":"GenericWrite","AceType":"","IsInherited":true},{"PrincipalSID":"S-1-5-21-2028861720-2957989011-300240830-1133","PrincipalType":"Group","RightName":"GenericWrite","AceType":"","IsInherited":true},{"PrincipalSID":"S-1-5-21-2028861720-2957989011-300240830-1136","PrincipalType":"Group","RightName":"ExtendedRight","AceType":"User-Force-Change-Password","IsInherited":true},{"PrincipalSID":"S-1-5-21-2028861720-2957989011-300240830-1136","PrincipalType":"Group","RightName":"WriteDacl","AceType":"","IsInherited":true},{"PrincipalSID":"S-1-5-21-2028861720-2957989011-300240830-519","PrincipalType":"Group","RightName":"GenericAll","AceType":"","IsInherited":true},{"PrincipalSID":"COMPANY.LOCAL-S-1-5-32-544","PrincipalType":"Group","RightName":"WriteDacl","AceType":"","IsInherited":true},{"PrincipalSID":"COMPANY.LOCAL-S-1-5-32-544","PrincipalType":"Group","RightName":"WriteOwner","AceType":"","IsInherited":true},{"PrincipalSID":"COMPANY.LOCAL-S-1-5-32-544","PrincipalType":"Group","RightName":"ExtendedRight","AceType":"All","IsInherited":true},{"PrincipalSID":"COMPANY.LOCAL-S-1-5-32-544","PrincipalType":"Group","RightName":"GenericWrite","AceType":"","IsInherited":true}]},{"Properties":{"highvalue":false,"name":"HEALTHMAILBOXFF896C6@COMPANY.LOCAL","domain":"COMPANY.LOCAL","objectid":"S-1-5-21-2028861720-2957989011-300240830-1157","distinguishedname":"CN=HealthMailboxff896c6797ee46db8f40385b796cb38a,CN=Monitoring Mailboxes,CN=Microsoft Exchange System Objects,DC=company,DC=local","description":null,"dontreqpreauth":false,"passwordnotreqd":false,"unconstraineddelegation":false,"sensitive":false,"enabled":true,"pwdneverexpires":true,"lastlogon":-1,"lastlogontimestamp":-1,"pwdlastset":1645013325,"serviceprincipalnames":[],"hasspn":false,"displayname":"HealthMailbox-mx1-009","email":"HealthMailboxff896c6797ee46db8f40385b796cb38a@company.local","title":null,"homedirectory":null,"userpassword":null,"admincount":false,"sidhistory":[]},"AllowedToDelegate":[],"SPNTargets":[],"PrimaryGroupSid":"S-1-5-21-2028861720-2957989011-300240830-513","HasSIDHistory":[],"ObjectIdentifier":"S-1-5-21-2028861720-2957989011-300240830-1157","Aces":[{"PrincipalSID":"S-1-5-21-2028861720-2957989011-300240830-1118","PrincipalType":"Computer","RightName":"Owner","AceType":"","IsInherited":false},{"PrincipalSID":"COMPANY.LOCAL-S-1-5-32-548","PrincipalType":"Group","RightName":"GenericAll","AceType":"","IsInherited":false},{"PrincipalSID":"S-1-5-21-2028861720-2957989011-300240830-512","PrincipalType":"Group","RightName":"GenericAll","AceType":"","IsInherited":false},{"PrincipalSID":"S-1-5-21-2028861720-2957989011-300240830-1133","PrincipalType":"Group","RightName":"ExtendedRight","AceType":"User-Force-Change-Password","IsInherited":true},{"PrincipalSID":"S-1-5-21-2028861720-2957989011-300240830-1119","PrincipalType":"Group","RightName":"GenericWrite","AceType":"","IsInherited":true},{"PrincipalSID":"S-1-5-21-2028861720-2957989011-300240830-1133","PrincipalType":"Group","RightName":"GenericWrite","AceType":"","IsInherited":true},{"PrincipalSID":"S-1-5-21-2028861720-2957989011-300240830-1136","PrincipalType":"Group","RightName":"ExtendedRight","AceType":"User-Force-Change-Password","IsInherited":true},{"PrincipalSID":"S-1-5-21-2028861720-2957989011-300240830-1136","PrincipalType":"Group","RightName":"WriteDacl","AceType":"","IsInherited":true},{"PrincipalSID":"S-1-5-21-2028861720-2957989011-300240830-519","PrincipalType":"Group","RightName":"GenericAll","AceType":"","IsInherited":true},{"PrincipalSID":"COMPANY.LOCAL-S-1-5-32-544","PrincipalType":"Group","RightName":"WriteDacl","AceType":"","IsInherited":true},{"PrincipalSID":"COMPANY.LOCAL-S-1-5-32-544","PrincipalType":"Group","RightName":"WriteOwner","AceType":"","IsInherited":true},{"PrincipalSID":"COMPANY.LOCAL-S-1-5-32-544","PrincipalType":"Group","RightName":"ExtendedRight","AceType":"All","IsInherited":true},{"PrincipalSID":"COMPANY.LOCAL-S-1-5-32-544","PrincipalType":"Group","RightName":"GenericWrite","AceType":"","IsInherited":true}]},{"Properties":{"highvalue":false,"name":"HEALTHMAILBOX4CEA897@COMPANY.LOCAL","domain":"COMPANY.LOCAL","objectid":"S-1-5-21-2028861720-2957989011-300240830-1604","distinguishedname":"CN=HealthMailbox4cea897b2f48424690ed7bdd12c4b194,CN=Monitoring Mailboxes,CN=Microsoft Exchange System Objects,DC=company,DC=local","description":null,"dontreqpreauth":false,"passwordnotreqd":false,"unconstraineddelegation":false,"sensitive":false,"enabled":true,"pwdneverexpires":true,"lastlogon":-1,"lastlogontimestamp":-1,"pwdlastset":1645013337,"serviceprincipalnames":[],"hasspn":false,"displayname":"HealthMailbox-mx1-010","email":"HealthMailbox4cea897b2f48424690ed7bdd12c4b194@company.local","title":null,"homedirectory":null,"userpassword":null,"admincount":false,"sidhistory":[]},"AllowedToDelegate":[],"SPNTargets":[],"PrimaryGroupSid":"S-1-5-21-2028861720-2957989011-300240830-513","HasSIDHistory":[],"ObjectIdentifier":"S-1-5-21-2028861720-2957989011-300240830-1604","Aces":[{"PrincipalSID":"S-1-5-21-2028861720-2957989011-300240830-1118","PrincipalType":"Computer","RightName":"Owner","AceType":"","IsInherited":false},{"PrincipalSID":"COMPANY.LOCAL-S-1-5-32-548","PrincipalType":"Group","RightName":"GenericAll","AceType":"","IsInherited":false},{"PrincipalSID":"S-1-5-21-2028861720-2957989011-300240830-512","PrincipalType":"Group","RightName":"GenericAll","AceType":"","IsInherited":false},{"PrincipalSID":"S-1-5-21-2028861720-2957989011-300240830-1133","PrincipalType":"Group","RightName":"ExtendedRight","AceType":"User-Force-Change-Password","IsInherited":true},{"PrincipalSID":"S-1-5-21-2028861720-2957989011-300240830-1119","PrincipalType":"Group","RightName":"GenericWrite","AceType":"","IsInherited":true},{"PrincipalSID":"S-1-5-21-2028861720-2957989011-300240830-1133","PrincipalType":"Group","RightName":"GenericWrite","AceType":"","IsInherited":true},{"PrincipalSID":"S-1-5-21-2028861720-2957989011-300240830-1136","PrincipalType":"Group","RightName":"ExtendedRight","AceType":"User-Force-Change-Password","IsInherited":true},{"PrincipalSID":"S-1-5-21-2028861720-2957989011-300240830-1136","PrincipalType":"Group","RightName":"WriteDacl","AceType":"","IsInherited":true},{"PrincipalSID":"S-1-5-21-2028861720-2957989011-300240830-519","PrincipalType":"Group","RightName":"GenericAll","AceType":"","IsInherited":true},{"PrincipalSID":"COMPANY.LOCAL-S-1-5-32-544","PrincipalType":"Group","RightName":"WriteDacl","AceType":"","IsInherited":true},{"PrincipalSID":"COMPANY.LOCAL-S-1-5-32-544","PrincipalType":"Group","RightName":"WriteOwner","AceType":"","IsInherited":true},{"PrincipalSID":"COMPANY.LOCAL-S-1-5-32-544","PrincipalType":"Group","RightName":"ExtendedRight","AceType":"All","IsInherited":true},{"PrincipalSID":"COMPANY.LOCAL-S-1-5-32-544","PrincipalType":"Group","RightName":"GenericWrite","AceType":"","IsInherited":true}]},{"Properties":{"highvalue":false,"name":"GUEST@COMPANY.LOCAL","domain":"COMPANY.LOCAL","objectid":"S-1-5-21-2028861720-2957989011-300240830-501","distinguishedname":"CN=Guest,CN=Users,DC=company,DC=local","description":"Built-in account for guest access to the computer/domain","dontreqpreauth":false,"passwordnotreqd":true,"unconstraineddelegation":false,"sensitive":false,"enabled":false,"pwdneverexpires":true,"lastlogon":-1,"lastlogontimestamp":-1,"pwdlastset":-1,"serviceprincipalnames":[],"hasspn":false,"displayname":null,"email":null,"title":null,"homedirectory":null,"userpassword":null,"admincount":false,"sidhistory":[]},"AllowedToDelegate":[],"SPNTargets":[],"PrimaryGroupSid":"S-1-5-21-2028861720-2957989011-300240830-514","HasSIDHistory":[],"ObjectIdentifier":"S-1-5-21-2028861720-2957989011-300240830-501","Aces":[{"PrincipalSID":"COMPANY.LOCAL-S-1-5-32-544","PrincipalType":"Group","RightName":"Owner","AceType":"","IsInherited":false},{"PrincipalSID":"COMPANY.LOCAL-S-1-5-32-548","PrincipalType":"Group","RightName":"GenericAll","AceType":"","IsInherited":false},{"PrincipalSID":"S-1-5-21-2028861720-2957989011-300240830-512","PrincipalType":"Group","RightName":"GenericAll","AceType":"","IsInherited":false},{"PrincipalSID":"S-1-5-21-2028861720-2957989011-300240830-1136","PrincipalType":"Group","RightName":"ExtendedRight","AceType":"User-Force-Change-Password","IsInherited":true},{"PrincipalSID":"S-1-5-21-2028861720-2957989011-300240830-1136","PrincipalType":"Group","RightName":"WriteDacl","AceType":"","IsInherited":true},{"PrincipalSID":"S-1-5-21-2028861720-2957989011-300240830-519","PrincipalType":"Group","RightName":"GenericAll","AceType":"","IsInherited":true},{"PrincipalSID":"COMPANY.LOCAL-S-1-5-32-544","PrincipalType":"Group","RightName":"WriteDacl","AceType":"","IsInherited":true},{"PrincipalSID":"COMPANY.LOCAL-S-1-5-32-544","PrincipalType":"Group","RightName":"WriteOwner","AceType":"","IsInherited":true},{"PrincipalSID":"COMPANY.LOCAL-S-1-5-32-544","PrincipalType":"Group","RightName":"ExtendedRight","AceType":"All","IsInherited":true},{"PrincipalSID":"COMPANY.LOCAL-S-1-5-32-544","PrincipalType":"Group","RightName":"GenericWrite","AceType":"","IsInherited":true}]},{"Properties":{"highvalue":false,"name":"HEALTHMAILBOX86771DF@COMPANY.LOCAL","domain":"COMPANY.LOCAL","objectid":"S-1-5-21-2028861720-2957989011-300240830-1155","distinguishedname":"CN=HealthMailbox86771dffc31e4dfeb96e661f5a78bd32,CN=Monitoring Mailboxes,CN=Microsoft Exchange System Objects,DC=company,DC=local","description":null,"dontreqpreauth":false,"passwordnotreqd":false,"unconstraineddelegation":false,"sensitive":false,"enabled":true,"pwdneverexpires":true,"lastlogon":-1,"lastlogontimestamp":-1,"pwdlastset":1645013299,"serviceprincipalnames":[],"hasspn":false,"displayname":"HealthMailbox-mx1-007","email":"HealthMailbox86771dffc31e4dfeb96e661f5a78bd32@company.local","title":null,"homedirectory":null,"userpassword":null,"admincount":false,"sidhistory":[]},"AllowedToDelegate":[],"SPNTargets":[],"PrimaryGroupSid":"S-1-5-21-2028861720-2957989011-300240830-513","HasSIDHistory":[],"ObjectIdentifier":"S-1-5-21-2028861720-2957989011-300240830-1155","Aces":[{"PrincipalSID":"S-1-5-21-2028861720-2957989011-300240830-1118","PrincipalType":"Computer","RightName":"Owner","AceType":"","IsInherited":false},{"PrincipalSID":"COMPANY.LOCAL-S-1-5-32-548","PrincipalType":"Group","RightName":"GenericAll","AceType":"","IsInherited":false},{"PrincipalSID":"S-1-5-21-2028861720-2957989011-300240830-512","PrincipalType":"Group","RightName":"GenericAll","AceType":"","IsInherited":false},{"PrincipalSID":"S-1-5-21-2028861720-2957989011-300240830-1133","PrincipalType":"Group","RightName":"ExtendedRight","AceType":"User-Force-Change-Password","IsInherited":true},{"PrincipalSID":"S-1-5-21-2028861720-2957989011-300240830-1119","PrincipalType":"Group","RightName":"GenericWrite","AceType":"","IsInherited":true},{"PrincipalSID":"S-1-5-21-2028861720-2957989011-300240830-1133","PrincipalType":"Group","RightName":"GenericWrite","AceType":"","IsInherited":true},{"PrincipalSID":"S-1-5-21-2028861720-2957989011-300240830-1136","PrincipalType":"Group","RightName":"ExtendedRight","AceType":"User-Force-Change-Password","IsInherited":true},{"PrincipalSID":"S-1-5-21-2028861720-2957989011-300240830-1136","PrincipalType":"Group","RightName":"WriteDacl","AceType":"","IsInherited":true},{"PrincipalSID":"S-1-5-21-2028861720-2957989011-300240830-519","PrincipalType":"Group","RightName":"GenericAll","AceType":"","IsInherited":true},{"PrincipalSID":"COMPANY.LOCAL-S-1-5-32-544","PrincipalType":"Group","RightName":"WriteDacl","AceType":"","IsInherited":true},{"PrincipalSID":"COMPANY.LOCAL-S-1-5-32-544","PrincipalType":"Group","RightName":"WriteOwner","AceType":"","IsInherited":true},{"PrincipalSID":"COMPANY.LOCAL-S-1-5-32-544","PrincipalType":"Group","RightName":"ExtendedRight","AceType":"All","IsInherited":true},{"PrincipalSID":"COMPANY.LOCAL-S-1-5-32-544","PrincipalType":"Group","RightName":"GenericWrite","AceType":"","IsInherited":true}]},{"Properties":{"highvalue":false,"name":"CADM@COMPANY.LOCAL","domain":"COMPANY.LOCAL","objectid":"S-1-5-21-2028861720-2957989011-300240830-1000","distinguishedname":"CN=cadm,CN=Users,DC=company,DC=local","description":null,"dontreqpreauth":false,"passwordnotreqd":false,"unconstraineddelegation":false,"sensitive":false,"enabled":true,"pwdneverexpires":true,"lastlogon":1645014604,"lastlogontimestamp":1646322460,"pwdlastset":1644950912,"serviceprincipalnames":[],"hasspn":false,"displayname":"cadm","email":"cadm@company.local","title":null,"homedirectory":null,"userpassword":null,"admincount":true,"sidhistory":[]},"AllowedToDelegate":[],"SPNTargets":[],"PrimaryGroupSid":"S-1-5-21-2028861720-2957989011-300240830-513","HasSIDHistory":[],"ObjectIdentifier":"S-1-5-21-2028861720-2957989011-300240830-1000","Aces":[{"PrincipalSID":"S-1-5-21-2028861720-2957989011-300240830-512","PrincipalType":"Group","RightName":"Owner","AceType":"","IsInherited":false},{"PrincipalSID":"COMPANY.LOCAL-S-1-5-32-544","PrincipalType":"Group","RightName":"WriteDacl","AceType":"","IsInherited":false},{"PrincipalSID":"COMPANY.LOCAL-S-1-5-32-544","PrincipalType":"Group","RightName":"WriteOwner","AceType":"","IsInherited":false},{"PrincipalSID":"COMPANY.LOCAL-S-1-5-32-544","PrincipalType":"Group","RightName":"ExtendedRight","AceType":"All","IsInherited":false},{"PrincipalSID":"COMPANY.LOCAL-S-1-5-32-544","PrincipalType":"Group","RightName":"GenericWrite","AceType":"","IsInherited":false},{"PrincipalSID":"S-1-5-21-2028861720-2957989011-300240830-512","PrincipalType":"Group","RightName":"WriteDacl","AceType":"","IsInherited":false},{"PrincipalSID":"S-1-5-21-2028861720-2957989011-300240830-512","PrincipalType":"Group","RightName":"WriteOwner","AceType":"","IsInherited":false},{"PrincipalSID":"S-1-5-21-2028861720-2957989011-300240830-512","PrincipalType":"Group","RightName":"ExtendedRight","AceType":"All","IsInherited":false},{"PrincipalSID":"S-1-5-21-2028861720-2957989011-300240830-512","PrincipalType":"Group","RightName":"GenericWrite","AceType":"","IsInherited":false},{"PrincipalSID":"S-1-5-21-2028861720-2957989011-300240830-519","PrincipalType":"Group","RightName":"WriteDacl","AceType":"","IsInherited":false},{"PrincipalSID":"S-1-5-21-2028861720-2957989011-300240830-519","PrincipalType":"Group","RightName":"WriteOwner","AceType":"","IsInherited":false},{"PrincipalSID":"S-1-5-21-2028861720-2957989011-300240830-519","PrincipalType":"Group","RightName":"ExtendedRight","AceType":"All","IsInherited":false},{"PrincipalSID":"S-1-5-21-2028861720-2957989011-300240830-519","PrincipalType":"Group","RightName":"GenericWrite","AceType":"","IsInherited":false}]},{"Properties":{"highvalue":false,"name":"ADMINISTRATOR@COMPANY.LOCAL","domain":"COMPANY.LOCAL","objectid":"S-1-5-21-2028861720-2957989011-300240830-500","distinguishedname":"CN=Administrator,CN=Users,DC=company,DC=local","description":"Built-in account for administering the computer/domain","dontreqpreauth":false,"passwordnotreqd":false,"unconstraineddelegation":false,"sensitive":false,"enabled":true,"pwdneverexpires":true,"lastlogon":1646863133,"lastlogontimestamp":1646046524,"pwdlastset":1646849666,"serviceprincipalnames":[],"hasspn":false,"displayname":null,"email":null,"title":null,"homedirectory":null,"userpassword":null,"admincount":true,"sidhistory":[]},"AllowedToDelegate":[],"SPNTargets":[],"PrimaryGroupSid":"S-1-5-21-2028861720-2957989011-300240830-513","HasSIDHistory":[],"ObjectIdentifier":"S-1-5-21-2028861720-2957989011-300240830-500","Aces":[{"PrincipalSID":"S-1-5-21-2028861720-2957989011-300240830-512","PrincipalType":"Group","RightName":"Owner","AceType":"","IsInherited":false},{"PrincipalSID":"COMPANY.LOCAL-S-1-5-32-544","PrincipalType":"Group","RightName":"WriteDacl","AceType":"","IsInherited":false},{"PrincipalSID":"COMPANY.LOCAL-S-1-5-32-544","PrincipalType":"Group","RightName":"WriteOwner","AceType":"","IsInherited":false},{"PrincipalSID":"COMPANY.LOCAL-S-1-5-32-544","PrincipalType":"Group","RightName":"ExtendedRight","AceType":"All","IsInherited":false},{"PrincipalSID":"COMPANY.LOCAL-S-1-5-32-544","PrincipalType":"Group","RightName":"GenericWrite","AceType":"","IsInherited":false},{"PrincipalSID":"S-1-5-21-2028861720-2957989011-300240830-512","PrincipalType":"Group","RightName":"WriteDacl","AceType":"","IsInherited":false},{"PrincipalSID":"S-1-5-21-2028861720-2957989011-300240830-512","PrincipalType":"Group","RightName":"WriteOwner","AceType":"","IsInherited":false},{"PrincipalSID":"S-1-5-21-2028861720-2957989011-300240830-512","PrincipalType":"Group","RightName":"ExtendedRight","AceType":"All","IsInherited":false},{"PrincipalSID":"S-1-5-21-2028861720-2957989011-300240830-512","PrincipalType":"Group","RightName":"GenericWrite","AceType":"","IsInherited":false},{"PrincipalSID":"S-1-5-21-2028861720-2957989011-300240830-519","PrincipalType":"Group","RightName":"WriteDacl","AceType":"","IsInherited":false},{"PrincipalSID":"S-1-5-21-2028861720-2957989011-300240830-519","PrincipalType":"Group","RightName":"WriteOwner","AceType":"","IsInherited":false},{"PrincipalSID":"S-1-5-21-2028861720-2957989011-300240830-519","PrincipalType":"Group","RightName":"ExtendedRight","AceType":"All","IsInherited":false},{"PrincipalSID":"S-1-5-21-2028861720-2957989011-300240830-519","PrincipalType":"Group","RightName":"GenericWrite","AceType":"","IsInherited":false}]}],"meta":{"count":37,"type":"users","version":3}}