﻿{"computers":[{"Properties":{"haslaps":false,"highvalue":false,"name":"ENGGENERAL.COMPANY.LOCAL","domain":"COMPANY.LOCAL","objectid":"S-1-5-21-2028861720-2957989011-300240830-1607","distinguishedname":"CN=ENGGENERAL,OU=AllComputers,DC=company,DC=local","description":null,"enabled":true,"unconstraineddelegation":false,"serviceprincipalnames":["WSMAN/enggeneral","WSMAN/enggeneral.company.local","TERMSRV/ENGGENERAL","TERMSRV/enggeneral.company.local","RestrictedKrbHost/ENGGENERAL","HOST/ENGGENERAL","RestrictedKrbHost/enggeneral.company.local","HOST/enggeneral.company.local"],"lastlogontimestamp":1646800098,"pwdlastset":1645013960,"operatingsystem":"Windows 10 Pro"},"AllowedToDelegate":[],"AllowedToAct":[],"PrimaryGroupSid":"S-1-5-21-2028861720-2957989011-300240830-515","Sessions":[],"LocalAdmins":[],"RemoteDesktopUsers":[],"DcomUsers":[],"PSRemoteUsers":[],"ObjectIdentifier":"S-1-5-21-2028861720-2957989011-300240830-1607","Aces":[{"PrincipalSID":"S-1-5-21-2028861720-2957989011-300240830-512","PrincipalType":"Group","RightName":"Owner","AceType":"","IsInherited":false},{"PrincipalSID":"COMPANY.LOCAL-S-1-5-32-548","PrincipalType":"Group","RightName":"GenericAll","AceType":"","IsInherited":false},{"PrincipalSID":"S-1-5-21-2028861720-2957989011-300240830-512","PrincipalType":"Group","RightName":"GenericAll","AceType":"","IsInherited":false},{"PrincipalSID":"S-1-5-21-2028861720-2957989011-300240830-519","PrincipalType":"Group","RightName":"GenericAll","AceType":"","IsInherited":true},{"PrincipalSID":"COMPANY.LOCAL-S-1-5-32-544","PrincipalType":"Group","RightName":"WriteDacl","AceType":"","IsInherited":true},{"PrincipalSID":"COMPANY.LOCAL-S-1-5-32-544","PrincipalType":"Group","RightName":"WriteOwner","AceType":"","IsInherited":true},{"PrincipalSID":"COMPANY.LOCAL-S-1-5-32-544","PrincipalType":"Group","RightName":"GenericWrite","AceType":"","IsInherited":true}]},{"Properties":{"haslaps":false,"highvalue":false,"name":"CUSTARM.COMPANY.LOCAL","domain":"COMPANY.LOCAL","objectid":"S-1-5-21-2028861720-2957989011-300240830-1605","distinguishedname":"CN=CUSTARM,OU=AllComputers,DC=company,DC=local","description":null,"enabled":true,"unconstraineddelegation":false,"serviceprincipalnames":["WSMAN/custarm","WSMAN/custarm.company.local","TERMSRV/CUSTARM","TERMSRV/custarm.company.local","RestrictedKrbHost/CUSTARM","HOST/CUSTARM","RestrictedKrbHost/custarm.company.local","HOST/custarm.company.local"],"lastlogontimestamp":1646857683,"pwdlastset":1645013953,"operatingsystem":"Windows 10 Pro"},"AllowedToDelegate":[],"AllowedToAct":[],"PrimaryGroupSid":"S-1-5-21-2028861720-2957989011-300240830-515","Sessions":[],"LocalAdmins":[],"RemoteDesktopUsers":[],"DcomUsers":[],"PSRemoteUsers":[],"ObjectIdentifier":"S-1-5-21-2028861720-2957989011-300240830-1605","Aces":[{"PrincipalSID":"S-1-5-21-2028861720-2957989011-300240830-512","PrincipalType":"Group","RightName":"Owner","AceType":"","IsInherited":false},{"PrincipalSID":"COMPANY.LOCAL-S-1-5-32-548","PrincipalType":"Group","RightName":"GenericAll","AceType":"","IsInherited":false},{"PrincipalSID":"S-1-5-21-2028861720-2957989011-300240830-512","PrincipalType":"Group","RightName":"GenericAll","AceType":"","IsInherited":false},{"PrincipalSID":"S-1-5-21-2028861720-2957989011-300240830-519","PrincipalType":"Group","RightName":"GenericAll","AceType":"","IsInherited":true},{"PrincipalSID":"COMPANY.LOCAL-S-1-5-32-544","PrincipalType":"Group","RightName":"WriteDacl","AceType":"","IsInherited":true},{"PrincipalSID":"COMPANY.LOCAL-S-1-5-32-544","PrincipalType":"Group","RightName":"WriteOwner","AceType":"","IsInherited":true},{"PrincipalSID":"COMPANY.LOCAL-S-1-5-32-544","PrincipalType":"Group","RightName":"GenericWrite","AceType":"","IsInherited":true}]},{"Properties":{"haslaps":false,"highvalue":false,"name":"OIK-CLIENT.COMPANY.LOCAL","domain":"COMPANY.LOCAL","objectid":"S-1-5-21-2028861720-2957989011-300240830-1608","distinguishedname":"CN=OIK-CLIENT,OU=AllComputers,DC=company,DC=local","description":null,"enabled":true,"unconstraineddelegation":false,"serviceprincipalnames":["WSMAN/OIK-CLIENT","WSMAN/OIK-CLIENT.company.local","TERMSRV/OIK-CLIENT","TERMSRV/OIK-CLIENT.company.local","RestrictedKrbHost/OIK-CLIENT","HOST/OIK-CLIENT","RestrictedKrbHost/OIK-CLIENT.company.local","HOST/OIK-CLIENT.company.local"],"lastlogontimestamp":1646868175,"pwdlastset":1645013965,"operatingsystem":"Windows 7 Профессиональная Service Pack 1"},"AllowedToDelegate":[],"AllowedToAct":[],"PrimaryGroupSid":"S-1-5-21-2028861720-2957989011-300240830-515","Sessions":[],"LocalAdmins":[{"MemberId":"S-1-5-21-2028861720-2957989011-300240830-512","MemberType":"Group"}],"RemoteDesktopUsers":[],"DcomUsers":[],"PSRemoteUsers":[],"ObjectIdentifier":"S-1-5-21-2028861720-2957989011-300240830-1608","Aces":[{"PrincipalSID":"S-1-5-21-2028861720-2957989011-300240830-512","PrincipalType":"Group","RightName":"Owner","AceType":"","IsInherited":false},{"PrincipalSID":"COMPANY.LOCAL-S-1-5-32-548","PrincipalType":"Group","RightName":"GenericAll","AceType":"","IsInherited":false},{"PrincipalSID":"S-1-5-21-2028861720-2957989011-300240830-512","PrincipalType":"Group","RightName":"GenericAll","AceType":"","IsInherited":false},{"PrincipalSID":"S-1-5-21-2028861720-2957989011-300240830-519","PrincipalType":"Group","RightName":"GenericAll","AceType":"","IsInherited":true},{"PrincipalSID":"COMPANY.LOCAL-S-1-5-32-544","PrincipalType":"Group","RightName":"WriteDacl","AceType":"","IsInherited":true},{"PrincipalSID":"COMPANY.LOCAL-S-1-5-32-544","PrincipalType":"Group","RightName":"WriteOwner","AceType":"","IsInherited":true},{"PrincipalSID":"COMPANY.LOCAL-S-1-5-32-544","PrincipalType":"Group","RightName":"GenericWrite","AceType":"","IsInherited":true}]},{"Properties":{"haslaps":false,"highvalue":false,"name":"NS1.COMPANY.LOCAL","domain":"COMPANY.LOCAL","objectid":"S-1-5-21-2028861720-2957989011-300240830-1002","distinguishedname":"CN=NS1,OU=Domain Controllers,DC=company,DC=local","description":null,"enabled":true,"unconstraineddelegation":true,"serviceprincipalnames":["exchangeAB/NS1","exchangeAB/ns1.company.local","Dfsr-12F9A27C-BF97-4787-9364-D31B6C55EB04/ns1.company.local","ldap/ns1.company.local/ForestDnsZones.company.local","ldap/ns1.company.local/DomainDnsZones.company.local","TERMSRV/NS1","TERMSRV/ns1.company.local","DNS/ns1.company.local","GC/ns1.company.local/company.local","RestrictedKrbHost/ns1.company.local","RestrictedKrbHost/NS1","RPC/a794034e-5005-4e50-a093-3bfa03fd5b6f._msdcs.company.local","HOST/NS1/company","HOST/ns1.company.local/company","HOST/NS1","HOST/ns1.company.local","HOST/ns1.company.local/company.local","E3514235-4B06-11D1-AB04-00C04FC2DCD2/a794034e-5005-4e50-a093-3bfa03fd5b6f/company.local","ldap/NS1/company","ldap/a794034e-5005-4e50-a093-3bfa03fd5b6f._msdcs.company.local","ldap/ns1.company.local/company","ldap/NS1","ldap/ns1.company.local","ldap/ns1.company.local/company.local"],"lastlogontimestamp":1646862854,"pwdlastset":1645007196,"operatingsystem":"Windows Server 2019 Datacenter Evaluation"},"AllowedToDelegate":[],"AllowedToAct":[],"PrimaryGroupSid":"S-1-5-21-2028861720-2957989011-300240830-516","Sessions":[],"LocalAdmins":[{"MemberId":"S-1-5-21-2028861720-2957989011-300240830-500","MemberType":"User"},{"MemberId":"S-1-5-21-2028861720-2957989011-300240830-1000","MemberType":"User"},{"MemberId":"S-1-5-21-2028861720-2957989011-300240830-1001","MemberType":"User"},{"MemberId":"S-1-5-21-2028861720-2957989011-300240830-519","MemberType":"Group"},{"MemberId":"S-1-5-21-2028861720-2957989011-300240830-512","MemberType":"Group"}],"RemoteDesktopUsers":[],"DcomUsers":[],"PSRemoteUsers":[],"ObjectIdentifier":"S-1-5-21-2028861720-2957989011-300240830-1002","Aces":[{"PrincipalSID":"S-1-5-21-2028861720-2957989011-300240830-512","PrincipalType":"Group","RightName":"Owner","AceType":"","IsInherited":false},{"PrincipalSID":"S-1-5-21-2028861720-2957989011-300240830-512","PrincipalType":"Group","RightName":"GenericAll","AceType":"","IsInherited":false},{"PrincipalSID":"S-1-5-21-2028861720-2957989011-300240830-519","PrincipalType":"Group","RightName":"GenericAll","AceType":"","IsInherited":true},{"PrincipalSID":"COMPANY.LOCAL-S-1-5-32-544","PrincipalType":"Group","RightName":"WriteDacl","AceType":"","IsInherited":true},{"PrincipalSID":"COMPANY.LOCAL-S-1-5-32-544","PrincipalType":"Group","RightName":"WriteOwner","AceType":"","IsInherited":true},{"PrincipalSID":"COMPANY.LOCAL-S-1-5-32-544","PrincipalType":"Group","RightName":"GenericWrite","AceType":"","IsInherited":true}]},{"Properties":{"haslaps":false,"highvalue":false,"name":"NS2.COMPANY.LOCAL","domain":"COMPANY.LOCAL","objectid":"S-1-5-21-2028861720-2957989011-300240830-1117","distinguishedname":"CN=NS2,OU=Domain Controllers,DC=company,DC=local","description":null,"enabled":true,"unconstraineddelegation":true,"serviceprincipalnames":["exchangeAB/ns2.company.local","exchangeAB/NS2","DNS/ns2.company.local","HOST/ns2.company.local/company","RPC/33aa2a67-5dbb-43ff-8fec-e2858414770a._msdcs.company.local","GC/ns2.company.local/company.local","HOST/ns2.company.local/company.local","HOST/NS2/company","ldap/NS2/company","ldap/33aa2a67-5dbb-43ff-8fec-e2858414770a._msdcs.company.local","ldap/ns2.company.local/company","ldap/NS2","ldap/ns2.company.local","ldap/ns2.company.local/ForestDnsZones.company.local","ldap/ns2.company.local/DomainDnsZones.company.local","ldap/ns2.company.local/company.local","E3514235-4B06-11D1-AB04-00C04FC2DCD2/33aa2a67-5dbb-43ff-8fec-e2858414770a/company.local","Dfsr-12F9A27C-BF97-4787-9364-D31B6C55EB04/ns2.company.local","WSMAN/ns2","WSMAN/ns2.company.local","TERMSRV/NS2","TERMSRV/ns2.company.local","RestrictedKrbHost/NS2","HOST/NS2","RestrictedKrbHost/ns2.company.local","HOST/ns2.company.local"],"lastlogontimestamp":1646776456,"pwdlastset":1646475092,"operatingsystem":"Windows Server 2019 Datacenter Evaluation"},"AllowedToDelegate":[],"AllowedToAct":[],"PrimaryGroupSid":"S-1-5-21-2028861720-2957989011-300240830-516","Sessions":[],"LocalAdmins":[{"MemberId":"S-1-5-21-2028861720-2957989011-300240830-500","MemberType":"User"},{"MemberId":"S-1-5-21-2028861720-2957989011-300240830-512","MemberType":"Group"},{"MemberId":"S-1-5-21-2028861720-2957989011-300240830-519","MemberType":"Group"},{"MemberId":"S-1-5-21-2028861720-2957989011-300240830-1000","MemberType":"User"},{"MemberId":"S-1-5-21-2028861720-2957989011-300240830-1001","MemberType":"User"}],"RemoteDesktopUsers":[],"DcomUsers":[],"PSRemoteUsers":[],"ObjectIdentifier":"S-1-5-21-2028861720-2957989011-300240830-1117","Aces":[{"PrincipalSID":"S-1-5-21-2028861720-2957989011-300240830-512","PrincipalType":"Group","RightName":"Owner","AceType":"","IsInherited":false},{"PrincipalSID":"S-1-5-21-2028861720-2957989011-300240830-512","PrincipalType":"Group","RightName":"GenericAll","AceType":"","IsInherited":false},{"PrincipalSID":"S-1-5-21-2028861720-2957989011-300240830-519","PrincipalType":"Group","RightName":"GenericAll","AceType":"","IsInherited":true},{"PrincipalSID":"COMPANY.LOCAL-S-1-5-32-544","PrincipalType":"Group","RightName":"WriteDacl","AceType":"","IsInherited":true},{"PrincipalSID":"COMPANY.LOCAL-S-1-5-32-544","PrincipalType":"Group","RightName":"WriteOwner","AceType":"","IsInherited":true},{"PrincipalSID":"COMPANY.LOCAL-S-1-5-32-544","PrincipalType":"Group","RightName":"GenericWrite","AceType":"","IsInherited":true}]},{"Properties":{"haslaps":false,"highvalue":false,"name":"BUCHGARM.COMPANY.LOCAL","domain":"COMPANY.LOCAL","objectid":"S-1-5-21-2028861720-2957989011-300240830-1606","distinguishedname":"CN=BUCHGARM,OU=AllComputers,DC=company,DC=local","description":null,"enabled":true,"unconstraineddelegation":false,"serviceprincipalnames":["WSMAN/BUCHGARM","WSMAN/BUCHGARM.company.local","TERMSRV/BUCHGARM","TERMSRV/BUCHGARM.company.local","RestrictedKrbHost/BUCHGARM","HOST/BUCHGARM","RestrictedKrbHost/BUCHGARM.company.local","HOST/BUCHGARM.company.local"],"lastlogontimestamp":1645991383,"pwdlastset":1645013957,"operatingsystem":"Windows 7 Профессиональная Service Pack 1"},"AllowedToDelegate":[],"AllowedToAct":[],"PrimaryGroupSid":"S-1-5-21-2028861720-2957989011-300240830-515","Sessions":[],"LocalAdmins":[{"MemberId":"S-1-5-21-2028861720-2957989011-300240830-512","MemberType":"Group"},{"MemberId":"S-1-5-21-2028861720-2957989011-300240830-1111","MemberType":"User"}],"RemoteDesktopUsers":[],"DcomUsers":[],"PSRemoteUsers":[],"ObjectIdentifier":"S-1-5-21-2028861720-2957989011-300240830-1606","Aces":[{"PrincipalSID":"S-1-5-21-2028861720-2957989011-300240830-512","PrincipalType":"Group","RightName":"Owner","AceType":"","IsInherited":false},{"PrincipalSID":"COMPANY.LOCAL-S-1-5-32-548","PrincipalType":"Group","RightName":"GenericAll","AceType":"","IsInherited":false},{"PrincipalSID":"S-1-5-21-2028861720-2957989011-300240830-512","PrincipalType":"Group","RightName":"GenericAll","AceType":"","IsInherited":false},{"PrincipalSID":"S-1-5-21-2028861720-2957989011-300240830-519","PrincipalType":"Group","RightName":"GenericAll","AceType":"","IsInherited":true},{"PrincipalSID":"COMPANY.LOCAL-S-1-5-32-544","PrincipalType":"Group","RightName":"WriteDacl","AceType":"","IsInherited":true},{"PrincipalSID":"COMPANY.LOCAL-S-1-5-32-544","PrincipalType":"Group","RightName":"WriteOwner","AceType":"","IsInherited":true},{"PrincipalSID":"COMPANY.LOCAL-S-1-5-32-544","PrincipalType":"Group","RightName":"GenericWrite","AceType":"","IsInherited":true}]},{"Properties":{"haslaps":false,"highvalue":false,"name":"SYSADMINARM.COMPANY.LOCAL","domain":"COMPANY.LOCAL","objectid":"S-1-5-21-2028861720-2957989011-300240830-1158","distinguishedname":"CN=SYSADMINARM,OU=AllComputers,DC=company,DC=local","description":null,"enabled":true,"unconstraineddelegation":false,"serviceprincipalnames":["WSMAN/sysadminarm","WSMAN/sysadminarm.company.local","TERMSRV/SYSADMINARM","TERMSRV/sysadminarm.company.local","RestrictedKrbHost/SYSADMINARM","HOST/SYSADMINARM","RestrictedKrbHost/sysadminarm.company.local","HOST/sysadminarm.company.local"],"lastlogontimestamp":1646800083,"pwdlastset":1645013970,"operatingsystem":"Windows 10 Pro"},"AllowedToDelegate":[],"AllowedToAct":[],"PrimaryGroupSid":"S-1-5-21-2028861720-2957989011-300240830-515","Sessions":[],"LocalAdmins":[],"RemoteDesktopUsers":[],"DcomUsers":[],"PSRemoteUsers":[],"ObjectIdentifier":"S-1-5-21-2028861720-2957989011-300240830-1158","Aces":[{"PrincipalSID":"S-1-5-21-2028861720-2957989011-300240830-512","PrincipalType":"Group","RightName":"Owner","AceType":"","IsInherited":false},{"PrincipalSID":"COMPANY.LOCAL-S-1-5-32-548","PrincipalType":"Group","RightName":"GenericAll","AceType":"","IsInherited":false},{"PrincipalSID":"S-1-5-21-2028861720-2957989011-300240830-512","PrincipalType":"Group","RightName":"GenericAll","AceType":"","IsInherited":false},{"PrincipalSID":"S-1-5-21-2028861720-2957989011-300240830-519","PrincipalType":"Group","RightName":"GenericAll","AceType":"","IsInherited":true},{"PrincipalSID":"COMPANY.LOCAL-S-1-5-32-544","PrincipalType":"Group","RightName":"WriteDacl","AceType":"","IsInherited":true},{"PrincipalSID":"COMPANY.LOCAL-S-1-5-32-544","PrincipalType":"Group","RightName":"WriteOwner","AceType":"","IsInherited":true},{"PrincipalSID":"COMPANY.LOCAL-S-1-5-32-544","PrincipalType":"Group","RightName":"GenericWrite","AceType":"","IsInherited":true}]},{"Properties":{"haslaps":false,"highvalue":false,"name":"MX1.COMPANY.LOCAL","domain":"COMPANY.LOCAL","objectid":"S-1-5-21-2028861720-2957989011-300240830-1118","distinguishedname":"CN=MX1,OU=AllComputers,DC=company,DC=local","description":null,"enabled":true,"unconstraineddelegation":false,"serviceprincipalnames":["IMAP/MX1","IMAP/mx1.company.local","IMAP4/MX1","IMAP4/mx1.company.local","POP/MX1","POP/mx1.company.local","POP3/MX1","POP3/mx1.company.local","exchangeRFR/MX1","exchangeRFR/mx1.company.local","exchangeAB/MX1","exchangeAB/mx1.company.local","exchangeMDB/MX1","exchangeMDB/mx1.company.local","SMTP/MX1","SMTP/mx1.company.local","SmtpSvc/MX1","SmtpSvc/mx1.company.local","WSMAN/mx1","WSMAN/mx1.company.local","TERMSRV/MX1","TERMSRV/mx1.company.local","RestrictedKrbHost/MX1","HOST/MX1","RestrictedKrbHost/mx1.company.local","HOST/mx1.company.local"],"lastlogontimestamp":1646749223,"pwdlastset":1645008432,"operatingsystem":"Windows Server 2019 Datacenter Evaluation"},"AllowedToDelegate":[],"AllowedToAct":[],"PrimaryGroupSid":"S-1-5-21-2028861720-2957989011-300240830-515","Sessions":[],"LocalAdmins":[],"RemoteDesktopUsers":[],"DcomUsers":[],"PSRemoteUsers":[],"ObjectIdentifier":"S-1-5-21-2028861720-2957989011-300240830-1118","Aces":[{"PrincipalSID":"S-1-5-21-2028861720-2957989011-300240830-512","PrincipalType":"Group","RightName":"Owner","AceType":"","IsInherited":false},{"PrincipalSID":"COMPANY.LOCAL-S-1-5-32-548","PrincipalType":"Group","RightName":"GenericAll","AceType":"","IsInherited":false},{"PrincipalSID":"S-1-5-21-2028861720-2957989011-300240830-512","PrincipalType":"Group","RightName":"GenericAll","AceType":"","IsInherited":false},{"PrincipalSID":"S-1-5-21-2028861720-2957989011-300240830-519","PrincipalType":"Group","RightName":"GenericAll","AceType":"","IsInherited":true},{"PrincipalSID":"COMPANY.LOCAL-S-1-5-32-544","PrincipalType":"Group","RightName":"WriteDacl","AceType":"","IsInherited":true},{"PrincipalSID":"COMPANY.LOCAL-S-1-5-32-544","PrincipalType":"Group","RightName":"WriteOwner","AceType":"","IsInherited":true},{"PrincipalSID":"COMPANY.LOCAL-S-1-5-32-544","PrincipalType":"Group","RightName":"GenericWrite","AceType":"","IsInherited":true}]},{"Properties":{"haslaps":false,"highvalue":false,"name":"OIK-SERVER.COMPANY.LOCAL","domain":"COMPANY.LOCAL","objectid":"S-1-5-21-2028861720-2957989011-300240830-1609","distinguishedname":"CN=OIK-SERVER,OU=AllComputers,DC=company,DC=local","description":null,"enabled":true,"unconstraineddelegation":false,"serviceprincipalnames":["WSMAN/OIK-SERVER","WSMAN/OIK-SERVER.company.local","TERMSRV/OIK-SERVER","TERMSRV/OIK-SERVER.company.local","RestrictedKrbHost/OIK-SERVER","HOST/OIK-SERVER","RestrictedKrbHost/OIK-SERVER.company.local","HOST/OIK-SERVER.company.local"],"lastlogontimestamp":1645987217,"pwdlastset":1645013969,"operatingsystem":"Windows 7 Профессиональная Service Pack 1"},"AllowedToDelegate":[],"AllowedToAct":[],"PrimaryGroupSid":"S-1-5-21-2028861720-2957989011-300240830-515","Sessions":[],"LocalAdmins":[{"MemberId":"S-1-5-21-2028861720-2957989011-300240830-512","MemberType":"Group"}],"RemoteDesktopUsers":[],"DcomUsers":[],"PSRemoteUsers":[],"ObjectIdentifier":"S-1-5-21-2028861720-2957989011-300240830-1609","Aces":[{"PrincipalSID":"S-1-5-21-2028861720-2957989011-300240830-512","PrincipalType":"Group","RightName":"Owner","AceType":"","IsInherited":false},{"PrincipalSID":"COMPANY.LOCAL-S-1-5-32-548","PrincipalType":"Group","RightName":"GenericAll","AceType":"","IsInherited":false},{"PrincipalSID":"S-1-5-21-2028861720-2957989011-300240830-512","PrincipalType":"Group","RightName":"GenericAll","AceType":"","IsInherited":false},{"PrincipalSID":"S-1-5-21-2028861720-2957989011-300240830-519","PrincipalType":"Group","RightName":"GenericAll","AceType":"","IsInherited":true},{"PrincipalSID":"COMPANY.LOCAL-S-1-5-32-544","PrincipalType":"Group","RightName":"WriteDacl","AceType":"","IsInherited":true},{"PrincipalSID":"COMPANY.LOCAL-S-1-5-32-544","PrincipalType":"Group","RightName":"WriteOwner","AceType":"","IsInherited":true},{"PrincipalSID":"COMPANY.LOCAL-S-1-5-32-544","PrincipalType":"Group","RightName":"GenericWrite","AceType":"","IsInherited":true}]}],"meta":{"count":9,"type":"computers","version":3}}