﻿{"gpos":[{"Properties":{"highvalue":false,"name":"DEFAULT DOMAIN POLICY@COMPANY.LOCAL","domain":"COMPANY.LOCAL","objectid":"50965392-082A-43AB-9081-FF79C121D379","distinguishedname":"CN={31B2F340-016D-11D2-945F-00C04FB984F9},CN=Policies,CN=System,DC=company,DC=local","description":null,"gpcpath":"\\\\company.local\\sysvol\\company.local\\Policies\\{31B2F340-016D-11D2-945F-00C04FB984F9}"},"ObjectIdentifier":"50965392-082A-43AB-9081-FF79C121D379","Aces":[{"PrincipalSID":"S-1-5-21-2028861720-2957989011-300240830-512","PrincipalType":"Group","RightName":"Owner","AceType":"","IsInherited":false},{"PrincipalSID":"S-1-5-21-2028861720-2957989011-300240830-512","PrincipalType":"Group","RightName":"WriteDacl","AceType":"","IsInherited":false},{"PrincipalSID":"S-1-5-21-2028861720-2957989011-300240830-512","PrincipalType":"Group","RightName":"WriteOwner","AceType":"","IsInherited":false},{"PrincipalSID":"S-1-5-21-2028861720-2957989011-300240830-512","PrincipalType":"Group","RightName":"GenericWrite","AceType":"","IsInherited":false},{"PrincipalSID":"S-1-5-21-2028861720-2957989011-300240830-512","PrincipalType":"Group","RightName":"WriteDacl","AceType":"","IsInherited":false},{"PrincipalSID":"S-1-5-21-2028861720-2957989011-300240830-512","PrincipalType":"Group","RightName":"WriteOwner","AceType":"","IsInherited":false},{"PrincipalSID":"S-1-5-21-2028861720-2957989011-300240830-512","PrincipalType":"Group","RightName":"GenericWrite","AceType":"","IsInherited":false},{"PrincipalSID":"S-1-5-21-2028861720-2957989011-300240830-519","PrincipalType":"Group","RightName":"WriteDacl","AceType":"","IsInherited":false},{"PrincipalSID":"S-1-5-21-2028861720-2957989011-300240830-519","PrincipalType":"Group","RightName":"WriteOwner","AceType":"","IsInherited":false},{"PrincipalSID":"S-1-5-21-2028861720-2957989011-300240830-519","PrincipalType":"Group","RightName":"GenericWrite","AceType":"","IsInherited":false}]},{"Properties":{"highvalue":false,"name":"AUDIT POLICY@COMPANY.LOCAL","domain":"COMPANY.LOCAL","objectid":"D2C67B6E-42CD-446E-BD53-515CD8689444","distinguishedname":"CN={43A58897-FB7E-4564-907C-F221B8AEF61F},CN=Policies,CN=System,DC=company,DC=local","description":null,"gpcpath":"\\\\company.local\\sysvol\\company.local\\Policies\\{43A58897-FB7E-4564-907C-F221B8AEF61F}"},"ObjectIdentifier":"D2C67B6E-42CD-446E-BD53-515CD8689444","Aces":[{"PrincipalSID":"S-1-5-21-2028861720-2957989011-300240830-512","PrincipalType":"Group","RightName":"Owner","AceType":"","IsInherited":false},{"PrincipalSID":"S-1-5-21-2028861720-2957989011-300240830-512","PrincipalType":"Group","RightName":"WriteDacl","AceType":"","IsInherited":false},{"PrincipalSID":"S-1-5-21-2028861720-2957989011-300240830-512","PrincipalType":"Group","RightName":"WriteOwner","AceType":"","IsInherited":false},{"PrincipalSID":"S-1-5-21-2028861720-2957989011-300240830-512","PrincipalType":"Group","RightName":"GenericWrite","AceType":"","IsInherited":false},{"PrincipalSID":"S-1-5-21-2028861720-2957989011-300240830-519","PrincipalType":"Group","RightName":"WriteDacl","AceType":"","IsInherited":false},{"PrincipalSID":"S-1-5-21-2028861720-2957989011-300240830-519","PrincipalType":"Group","RightName":"WriteOwner","AceType":"","IsInherited":false},{"PrincipalSID":"S-1-5-21-2028861720-2957989011-300240830-519","PrincipalType":"Group","RightName":"GenericWrite","AceType":"","IsInherited":false}]},{"Properties":{"highvalue":false,"name":"DEFAULT DOMAIN CONTROLLERS POLICY@COMPANY.LOCAL","domain":"COMPANY.LOCAL","objectid":"4EE72672-23D1-4DEE-8355-4FAE59B27A0D","distinguishedname":"CN={6AC1786C-016F-11D2-945F-00C04fB984F9},CN=Policies,CN=System,DC=company,DC=local","description":null,"gpcpath":"\\\\company.local\\sysvol\\company.local\\Policies\\{6AC1786C-016F-11D2-945F-00C04fB984F9}"},"ObjectIdentifier":"4EE72672-23D1-4DEE-8355-4FAE59B27A0D","Aces":[{"PrincipalSID":"S-1-5-21-2028861720-2957989011-300240830-512","PrincipalType":"Group","RightName":"Owner","AceType":"","IsInherited":false},{"PrincipalSID":"S-1-5-21-2028861720-2957989011-300240830-512","PrincipalType":"Group","RightName":"WriteDacl","AceType":"","IsInherited":false},{"PrincipalSID":"S-1-5-21-2028861720-2957989011-300240830-512","PrincipalType":"Group","RightName":"WriteOwner","AceType":"","IsInherited":false},{"PrincipalSID":"S-1-5-21-2028861720-2957989011-300240830-512","PrincipalType":"Group","RightName":"GenericWrite","AceType":"","IsInherited":false},{"PrincipalSID":"S-1-5-21-2028861720-2957989011-300240830-512","PrincipalType":"Group","RightName":"WriteDacl","AceType":"","IsInherited":false},{"PrincipalSID":"S-1-5-21-2028861720-2957989011-300240830-512","PrincipalType":"Group","RightName":"WriteOwner","AceType":"","IsInherited":false},{"PrincipalSID":"S-1-5-21-2028861720-2957989011-300240830-512","PrincipalType":"Group","RightName":"GenericWrite","AceType":"","IsInherited":false},{"PrincipalSID":"S-1-5-21-2028861720-2957989011-300240830-519","PrincipalType":"Group","RightName":"WriteDacl","AceType":"","IsInherited":false},{"PrincipalSID":"S-1-5-21-2028861720-2957989011-300240830-519","PrincipalType":"Group","RightName":"WriteOwner","AceType":"","IsInherited":false},{"PrincipalSID":"S-1-5-21-2028861720-2957989011-300240830-519","PrincipalType":"Group","RightName":"GenericWrite","AceType":"","IsInherited":false}]},{"Properties":{"highvalue":false,"name":"DC AUDIT POLICY@COMPANY.LOCAL","domain":"COMPANY.LOCAL","objectid":"90E84A0F-EDD9-4173-8B39-261DF1CF013C","distinguishedname":"CN={A9C6D867-0215-40AC-8DC2-ADC57A1CDA11},CN=Policies,CN=System,DC=company,DC=local","description":null,"gpcpath":"\\\\company.local\\sysvol\\company.local\\Policies\\{A9C6D867-0215-40AC-8DC2-ADC57A1CDA11}"},"ObjectIdentifier":"90E84A0F-EDD9-4173-8B39-261DF1CF013C","Aces":[{"PrincipalSID":"S-1-5-21-2028861720-2957989011-300240830-512","PrincipalType":"Group","RightName":"Owner","AceType":"","IsInherited":false},{"PrincipalSID":"S-1-5-21-2028861720-2957989011-300240830-512","PrincipalType":"Group","RightName":"WriteDacl","AceType":"","IsInherited":false},{"PrincipalSID":"S-1-5-21-2028861720-2957989011-300240830-512","PrincipalType":"Group","RightName":"WriteOwner","AceType":"","IsInherited":false},{"PrincipalSID":"S-1-5-21-2028861720-2957989011-300240830-512","PrincipalType":"Group","RightName":"GenericWrite","AceType":"","IsInherited":false},{"PrincipalSID":"S-1-5-21-2028861720-2957989011-300240830-519","PrincipalType":"Group","RightName":"WriteDacl","AceType":"","IsInherited":false},{"PrincipalSID":"S-1-5-21-2028861720-2957989011-300240830-519","PrincipalType":"Group","RightName":"WriteOwner","AceType":"","IsInherited":false},{"PrincipalSID":"S-1-5-21-2028861720-2957989011-300240830-519","PrincipalType":"Group","RightName":"GenericWrite","AceType":"","IsInherited":false}]},{"Properties":{"highvalue":false,"name":"DISABLE_WINDOWS_UPDATE@COMPANY.LOCAL","domain":"COMPANY.LOCAL","objectid":"F4AA43C2-086F-447F-BB4F-9086A3A46ED7","distinguishedname":"CN={CD54AB69-7A5A-4CB6-8B9C-7727713324B0},CN=Policies,CN=System,DC=company,DC=local","description":null,"gpcpath":"\\\\company.local\\sysvol\\company.local\\Policies\\{CD54AB69-7A5A-4CB6-8B9C-7727713324B0}"},"ObjectIdentifier":"F4AA43C2-086F-447F-BB4F-9086A3A46ED7","Aces":[{"PrincipalSID":"S-1-5-21-2028861720-2957989011-300240830-512","PrincipalType":"Group","RightName":"Owner","AceType":"","IsInherited":false},{"PrincipalSID":"S-1-5-21-2028861720-2957989011-300240830-512","PrincipalType":"Group","RightName":"WriteDacl","AceType":"","IsInherited":false},{"PrincipalSID":"S-1-5-21-2028861720-2957989011-300240830-512","PrincipalType":"Group","RightName":"WriteOwner","AceType":"","IsInherited":false},{"PrincipalSID":"S-1-5-21-2028861720-2957989011-300240830-512","PrincipalType":"Group","RightName":"GenericWrite","AceType":"","IsInherited":false},{"PrincipalSID":"S-1-5-21-2028861720-2957989011-300240830-519","PrincipalType":"Group","RightName":"WriteDacl","AceType":"","IsInherited":false},{"PrincipalSID":"S-1-5-21-2028861720-2957989011-300240830-519","PrincipalType":"Group","RightName":"WriteOwner","AceType":"","IsInherited":false},{"PrincipalSID":"S-1-5-21-2028861720-2957989011-300240830-519","PrincipalType":"Group","RightName":"GenericWrite","AceType":"","IsInherited":false}]},{"Properties":{"highvalue":false,"name":"DISABLE_FIREWALL@COMPANY.LOCAL","domain":"COMPANY.LOCAL","objectid":"9C1DDD07-4AF5-465D-9D65-901E9B92D953","distinguishedname":"CN={D39ACC51-C481-43C4-9283-B0C8E22CC358},CN=Policies,CN=System,DC=company,DC=local","description":null,"gpcpath":"\\\\company.local\\sysvol\\company.local\\Policies\\{D39ACC51-C481-43C4-9283-B0C8E22CC358}"},"ObjectIdentifier":"9C1DDD07-4AF5-465D-9D65-901E9B92D953","Aces":[{"PrincipalSID":"S-1-5-21-2028861720-2957989011-300240830-512","PrincipalType":"Group","RightName":"Owner","AceType":"","IsInherited":false},{"PrincipalSID":"S-1-5-21-2028861720-2957989011-300240830-512","PrincipalType":"Group","RightName":"WriteDacl","AceType":"","IsInherited":false},{"PrincipalSID":"S-1-5-21-2028861720-2957989011-300240830-512","PrincipalType":"Group","RightName":"WriteOwner","AceType":"","IsInherited":false},{"PrincipalSID":"S-1-5-21-2028861720-2957989011-300240830-512","PrincipalType":"Group","RightName":"GenericWrite","AceType":"","IsInherited":false},{"PrincipalSID":"S-1-5-21-2028861720-2957989011-300240830-519","PrincipalType":"Group","RightName":"WriteDacl","AceType":"","IsInherited":false},{"PrincipalSID":"S-1-5-21-2028861720-2957989011-300240830-519","PrincipalType":"Group","RightName":"WriteOwner","AceType":"","IsInherited":false},{"PrincipalSID":"S-1-5-21-2028861720-2957989011-300240830-519","PrincipalType":"Group","RightName":"GenericWrite","AceType":"","IsInherited":false}]},{"Properties":{"highvalue":false,"name":"WEC@COMPANY.LOCAL","domain":"COMPANY.LOCAL","objectid":"EBB89F16-07AC-4766-AC62-9FD01BDC2B79","distinguishedname":"CN={31437613-A182-463C-A4E0-90E60FE1A222},CN=Policies,CN=System,DC=company,DC=local","description":null,"gpcpath":"\\\\company.local\\SysVol\\company.local\\Policies\\{31437613-A182-463C-A4E0-90E60FE1A222}"},"ObjectIdentifier":"EBB89F16-07AC-4766-AC62-9FD01BDC2B79","Aces":[{"PrincipalSID":"S-1-5-21-2028861720-2957989011-300240830-512","PrincipalType":"Group","RightName":"Owner","AceType":"","IsInherited":false},{"PrincipalSID":"S-1-5-21-2028861720-2957989011-300240830-512","PrincipalType":"Group","RightName":"WriteDacl","AceType":"","IsInherited":false},{"PrincipalSID":"S-1-5-21-2028861720-2957989011-300240830-512","PrincipalType":"Group","RightName":"WriteOwner","AceType":"","IsInherited":false},{"PrincipalSID":"S-1-5-21-2028861720-2957989011-300240830-512","PrincipalType":"Group","RightName":"GenericWrite","AceType":"","IsInherited":false},{"PrincipalSID":"S-1-5-21-2028861720-2957989011-300240830-519","PrincipalType":"Group","RightName":"WriteDacl","AceType":"","IsInherited":false},{"PrincipalSID":"S-1-5-21-2028861720-2957989011-300240830-519","PrincipalType":"Group","RightName":"WriteOwner","AceType":"","IsInherited":false},{"PrincipalSID":"S-1-5-21-2028861720-2957989011-300240830-519","PrincipalType":"Group","RightName":"GenericWrite","AceType":"","IsInherited":false}]},{"Properties":{"highvalue":false,"name":"DC_TIME_SERVER@COMPANY.LOCAL","domain":"COMPANY.LOCAL","objectid":"0660511E-4828-4242-9264-0A5C355AFD3A","distinguishedname":"CN={E9EF09E1-7714-48F0-8654-F8AE26F883B6},CN=Policies,CN=System,DC=company,DC=local","description":null,"gpcpath":"\\\\company.local\\sysvol\\company.local\\Policies\\{E9EF09E1-7714-48F0-8654-F8AE26F883B6}"},"ObjectIdentifier":"0660511E-4828-4242-9264-0A5C355AFD3A","Aces":[{"PrincipalSID":"S-1-5-21-2028861720-2957989011-300240830-512","PrincipalType":"Group","RightName":"Owner","AceType":"","IsInherited":false},{"PrincipalSID":"S-1-5-21-2028861720-2957989011-300240830-512","PrincipalType":"Group","RightName":"WriteDacl","AceType":"","IsInherited":false},{"PrincipalSID":"S-1-5-21-2028861720-2957989011-300240830-512","PrincipalType":"Group","RightName":"WriteOwner","AceType":"","IsInherited":false},{"PrincipalSID":"S-1-5-21-2028861720-2957989011-300240830-512","PrincipalType":"Group","RightName":"GenericWrite","AceType":"","IsInherited":false},{"PrincipalSID":"S-1-5-21-2028861720-2957989011-300240830-519","PrincipalType":"Group","RightName":"WriteDacl","AceType":"","IsInherited":false},{"PrincipalSID":"S-1-5-21-2028861720-2957989011-300240830-519","PrincipalType":"Group","RightName":"WriteOwner","AceType":"","IsInherited":false},{"PrincipalSID":"S-1-5-21-2028861720-2957989011-300240830-519","PrincipalType":"Group","RightName":"GenericWrite","AceType":"","IsInherited":false}]},{"Properties":{"highvalue":false,"name":"MPUSER@COMPANY.LOCAL","domain":"COMPANY.LOCAL","objectid":"1B2CD60D-2109-4E7A-B21B-FA40CF463623","distinguishedname":"CN={948E1672-BC09-4D10-B823-CD760CC57820},CN=Policies,CN=System,DC=company,DC=local","description":null,"gpcpath":"\\\\company.local\\sysvol\\company.local\\Policies\\{948E1672-BC09-4D10-B823-CD760CC57820}"},"ObjectIdentifier":"1B2CD60D-2109-4E7A-B21B-FA40CF463623","Aces":[{"PrincipalSID":"S-1-5-21-2028861720-2957989011-300240830-512","PrincipalType":"Group","RightName":"Owner","AceType":"","IsInherited":false},{"PrincipalSID":"S-1-5-21-2028861720-2957989011-300240830-512","PrincipalType":"Group","RightName":"WriteDacl","AceType":"","IsInherited":false},{"PrincipalSID":"S-1-5-21-2028861720-2957989011-300240830-512","PrincipalType":"Group","RightName":"WriteOwner","AceType":"","IsInherited":false},{"PrincipalSID":"S-1-5-21-2028861720-2957989011-300240830-512","PrincipalType":"Group","RightName":"GenericWrite","AceType":"","IsInherited":false},{"PrincipalSID":"S-1-5-21-2028861720-2957989011-300240830-519","PrincipalType":"Group","RightName":"WriteDacl","AceType":"","IsInherited":false},{"PrincipalSID":"S-1-5-21-2028861720-2957989011-300240830-519","PrincipalType":"Group","RightName":"WriteOwner","AceType":"","IsInherited":false},{"PrincipalSID":"S-1-5-21-2028861720-2957989011-300240830-519","PrincipalType":"Group","RightName":"GenericWrite","AceType":"","IsInherited":false}]},{"Properties":{"highvalue":false,"name":"NTP_SERVER@COMPANY.LOCAL","domain":"COMPANY.LOCAL","objectid":"4CBA2B84-6ED0-45CD-B5E5-B5ACCA9E3AFD","distinguishedname":"CN={509B7708-EA3A-4A02-91FF-A7818DB27DB5},CN=Policies,CN=System,DC=company,DC=local","description":null,"gpcpath":"\\\\company.local\\sysvol\\company.local\\Policies\\{509B7708-EA3A-4A02-91FF-A7818DB27DB5}"},"ObjectIdentifier":"4CBA2B84-6ED0-45CD-B5E5-B5ACCA9E3AFD","Aces":[{"PrincipalSID":"S-1-5-21-2028861720-2957989011-300240830-512","PrincipalType":"Group","RightName":"Owner","AceType":"","IsInherited":false},{"PrincipalSID":"S-1-5-21-2028861720-2957989011-300240830-512","PrincipalType":"Group","RightName":"WriteDacl","AceType":"","IsInherited":false},{"PrincipalSID":"S-1-5-21-2028861720-2957989011-300240830-512","PrincipalType":"Group","RightName":"WriteOwner","AceType":"","IsInherited":false},{"PrincipalSID":"S-1-5-21-2028861720-2957989011-300240830-512","PrincipalType":"Group","RightName":"GenericWrite","AceType":"","IsInherited":false},{"PrincipalSID":"S-1-5-21-2028861720-2957989011-300240830-519","PrincipalType":"Group","RightName":"WriteDacl","AceType":"","IsInherited":false},{"PrincipalSID":"S-1-5-21-2028861720-2957989011-300240830-519","PrincipalType":"Group","RightName":"WriteOwner","AceType":"","IsInherited":false},{"PrincipalSID":"S-1-5-21-2028861720-2957989011-300240830-519","PrincipalType":"Group","RightName":"GenericWrite","AceType":"","IsInherited":false}]},{"Properties":{"highvalue":false,"name":"ENABLE WINRM@COMPANY.LOCAL","domain":"COMPANY.LOCAL","objectid":"D0EB097C-D1AE-4AA2-82B1-66A977E7D43E","distinguishedname":"CN={C442F2FE-EE81-40C4-B4C2-F6AD35240C13},CN=Policies,CN=System,DC=company,DC=local","description":null,"gpcpath":"\\\\company.local\\sysvol\\company.local\\Policies\\{C442F2FE-EE81-40C4-B4C2-F6AD35240C13}"},"ObjectIdentifier":"D0EB097C-D1AE-4AA2-82B1-66A977E7D43E","Aces":[{"PrincipalSID":"S-1-5-21-2028861720-2957989011-300240830-512","PrincipalType":"Group","RightName":"Owner","AceType":"","IsInherited":false},{"PrincipalSID":"S-1-5-21-2028861720-2957989011-300240830-512","PrincipalType":"Group","RightName":"WriteDacl","AceType":"","IsInherited":false},{"PrincipalSID":"S-1-5-21-2028861720-2957989011-300240830-512","PrincipalType":"Group","RightName":"WriteOwner","AceType":"","IsInherited":false},{"PrincipalSID":"S-1-5-21-2028861720-2957989011-300240830-512","PrincipalType":"Group","RightName":"GenericWrite","AceType":"","IsInherited":false},{"PrincipalSID":"S-1-5-21-2028861720-2957989011-300240830-519","PrincipalType":"Group","RightName":"WriteDacl","AceType":"","IsInherited":false},{"PrincipalSID":"S-1-5-21-2028861720-2957989011-300240830-519","PrincipalType":"Group","RightName":"WriteOwner","AceType":"","IsInherited":false},{"PrincipalSID":"S-1-5-21-2028861720-2957989011-300240830-519","PrincipalType":"Group","RightName":"GenericWrite","AceType":"","IsInherited":false}]},{"Properties":{"highvalue":false,"name":"DISABLE_DEFENDER@COMPANY.LOCAL","domain":"COMPANY.LOCAL","objectid":"DCDE7844-70FF-4095-9609-006E66E8F350","distinguishedname":"CN={CCC41FB8-9F18-45BF-AFEA-B1265DE34721},CN=Policies,CN=System,DC=company,DC=local","description":null,"gpcpath":"\\\\company.local\\sysvol\\company.local\\Policies\\{CCC41FB8-9F18-45BF-AFEA-B1265DE34721}"},"ObjectIdentifier":"DCDE7844-70FF-4095-9609-006E66E8F350","Aces":[{"PrincipalSID":"S-1-5-21-2028861720-2957989011-300240830-512","PrincipalType":"Group","RightName":"Owner","AceType":"","IsInherited":false},{"PrincipalSID":"S-1-5-21-2028861720-2957989011-300240830-512","PrincipalType":"Group","RightName":"WriteDacl","AceType":"","IsInherited":false},{"PrincipalSID":"S-1-5-21-2028861720-2957989011-300240830-512","PrincipalType":"Group","RightName":"WriteOwner","AceType":"","IsInherited":false},{"PrincipalSID":"S-1-5-21-2028861720-2957989011-300240830-512","PrincipalType":"Group","RightName":"GenericWrite","AceType":"","IsInherited":false},{"PrincipalSID":"S-1-5-21-2028861720-2957989011-300240830-519","PrincipalType":"Group","RightName":"WriteDacl","AceType":"","IsInherited":false},{"PrincipalSID":"S-1-5-21-2028861720-2957989011-300240830-519","PrincipalType":"Group","RightName":"WriteOwner","AceType":"","IsInherited":false},{"PrincipalSID":"S-1-5-21-2028861720-2957989011-300240830-519","PrincipalType":"Group","RightName":"GenericWrite","AceType":"","IsInherited":false}]},{"Properties":{"highvalue":false,"name":"DISABLE_FILE_WARNING@COMPANY.LOCAL","domain":"COMPANY.LOCAL","objectid":"180E420A-BD17-4505-A996-652389DF5829","distinguishedname":"CN={5EB0905B-ABFB-498F-BB8D-95E7F7040390},CN=Policies,CN=System,DC=company,DC=local","description":null,"gpcpath":"\\\\company.local\\sysvol\\company.local\\Policies\\{5EB0905B-ABFB-498F-BB8D-95E7F7040390}"},"ObjectIdentifier":"180E420A-BD17-4505-A996-652389DF5829","Aces":[{"PrincipalSID":"S-1-5-21-2028861720-2957989011-300240830-512","PrincipalType":"Group","RightName":"Owner","AceType":"","IsInherited":false},{"PrincipalSID":"S-1-5-21-2028861720-2957989011-300240830-512","PrincipalType":"Group","RightName":"WriteDacl","AceType":"","IsInherited":false},{"PrincipalSID":"S-1-5-21-2028861720-2957989011-300240830-512","PrincipalType":"Group","RightName":"WriteOwner","AceType":"","IsInherited":false},{"PrincipalSID":"S-1-5-21-2028861720-2957989011-300240830-512","PrincipalType":"Group","RightName":"GenericWrite","AceType":"","IsInherited":false},{"PrincipalSID":"S-1-5-21-2028861720-2957989011-300240830-519","PrincipalType":"Group","RightName":"WriteDacl","AceType":"","IsInherited":false},{"PrincipalSID":"S-1-5-21-2028861720-2957989011-300240830-519","PrincipalType":"Group","RightName":"WriteOwner","AceType":"","IsInherited":false},{"PrincipalSID":"S-1-5-21-2028861720-2957989011-300240830-519","PrincipalType":"Group","RightName":"GenericWrite","AceType":"","IsInherited":false}]}],"meta":{"count":13,"type":"gpos","version":3}}